Date,Scheme_Code,Scheme_Name,NAV,Fund_House,Scheme_Category
2014-03-27,128913,PRINCIPAL PNB FIXED MATURITY PLAN-SERIES B15-REGULAR PLAN-GROWTH,10.0125,PRINCIPAL Mutual Fund,Income
2014-03-28,128913,PRINCIPAL PNB FIXED MATURITY PLAN-SERIES B15-REGULAR PLAN-GROWTH,10.0231,PRINCIPAL Mutual Fund,Income
2014-04-02,128913,PRINCIPAL PNB FIXED MATURITY PLAN-SERIES B15-REGULAR PLAN-GROWTH,10.0272,PRINCIPAL Mutual Fund,Income
2014-04-03,128913,PRINCIPAL PNB FIXED MATURITY PLAN-SERIES B15-REGULAR PLAN-GROWTH,10.0309,PRINCIPAL Mutual Fund,Income
2014-04-04,128913,PRINCIPAL PNB FIXED MATURITY PLAN-SERIES B15-REGULAR PLAN-GROWTH,10.0295,PRINCIPAL Mutual Fund,Income
2014-04-07,128913,PRINCIPAL PNB FIXED MATURITY PLAN-SERIES B15-REGULAR PLAN-GROWTH,10.0355,PRINCIPAL Mutual Fund,Income
2014-04-09,128913,PRINCIPAL PNB FIXED MATURITY PLAN-SERIES B15-REGULAR PLAN-GROWTH,10.0373,PRINCIPAL Mutual Fund,Income
2014-04-10,128913,PRINCIPAL PNB FIXED MATURITY PLAN-SERIES B15-REGULAR PLAN-GROWTH,10.0411,PRINCIPAL Mutual Fund,Income
2014-04-11,128913,PRINCIPAL PNB FIXED MATURITY PLAN-SERIES B15-REGULAR PLAN-GROWTH,10.0436,PRINCIPAL Mutual Fund,Income
2014-04-15,128913,PRINCIPAL PNB FIXED MATURITY PLAN-SERIES B15-REGULAR PLAN-GROWTH,10.0536,PRINCIPAL Mutual Fund,Income
2014-04-16,128913,PRINCIPAL PNB FIXED MATURITY PLAN-SERIES B15-REGULAR PLAN-GROWTH,10.0573,PRINCIPAL Mutual Fund,Income
2014-04-17,128913,PRINCIPAL PNB FIXED MATURITY PLAN-SERIES B15-REGULAR PLAN-GROWTH,10.0619,PRINCIPAL Mutual Fund,Income
2014-04-21,128913,PRINCIPAL PNB FIXED MATURITY PLAN-SERIES B15-REGULAR PLAN-GROWTH,10.0717,PRINCIPAL Mutual Fund,Income
2014-04-22,128913,PRINCIPAL PNB FIXED MATURITY PLAN-SERIES B15-REGULAR PLAN-GROWTH,10.071,PRINCIPAL Mutual Fund,Income
2014-04-23,128913,PRINCIPAL PNB FIXED MATURITY PLAN-SERIES B15-REGULAR PLAN-GROWTH,10.0751,PRINCIPAL Mutual Fund,Income
2014-04-25,128913,PRINCIPAL PNB FIXED MATURITY PLAN-SERIES B15-REGULAR PLAN-GROWTH,10.0812,PRINCIPAL Mutual Fund,Income
2014-04-28,128913,PRINCIPAL PNB FIXED MATURITY PLAN-SERIES B15-REGULAR PLAN-GROWTH,10.0873,PRINCIPAL Mutual Fund,Income
2014-04-29,128913,PRINCIPAL PNB FIXED MATURITY PLAN-SERIES B15-REGULAR PLAN-GROWTH,10.0886,PRINCIPAL Mutual Fund,Income
2014-04-30,128913,PRINCIPAL PNB FIXED MATURITY PLAN-SERIES B15-REGULAR PLAN-GROWTH,10.0908,PRINCIPAL Mutual Fund,Income
2014-05-02,128913,PRINCIPAL PNB FIXED MATURITY PLAN-SERIES B15-REGULAR PLAN-GROWTH,10.1005,PRINCIPAL Mutual Fund,Income
2014-05-05,128913,PRINCIPAL PNB FIXED MATURITY PLAN-SERIES B15-REGULAR PLAN-GROWTH,10.111,PRINCIPAL Mutual Fund,Income
2014-05-06,128913,PRINCIPAL PNB FIXED MATURITY PLAN-SERIES B15-REGULAR PLAN-GROWTH,10.1142,PRINCIPAL Mutual Fund,Income
2014-05-07,128913,PRINCIPAL PNB FIXED MATURITY PLAN-SERIES B15-REGULAR PLAN-GROWTH,10.1159,PRINCIPAL Mutual Fund,Income
2014-05-08,128913,PRINCIPAL PNB FIXED MATURITY PLAN-SERIES B15-REGULAR PLAN-GROWTH,10.1213,PRINCIPAL Mutual Fund,Income
2014-05-09,128913,PRINCIPAL PNB FIXED MATURITY PLAN-SERIES B15-REGULAR PLAN-GROWTH,10.1232,PRINCIPAL Mutual Fund,Income
2014-05-12,128913,PRINCIPAL PNB FIXED MATURITY PLAN-SERIES B15-REGULAR PLAN-GROWTH,10.1333,PRINCIPAL Mutual Fund,Income
2014-05-13,128913,PRINCIPAL PNB FIXED MATURITY PLAN-SERIES B15-REGULAR PLAN-GROWTH,10.1397,PRINCIPAL Mutual Fund,Income
2014-05-15,128913,PRINCIPAL PNB FIXED MATURITY PLAN-SERIES B15-REGULAR PLAN-GROWTH,10.1471,PRINCIPAL Mutual Fund,Income
2014-05-16,128913,PRINCIPAL PNB FIXED MATURITY PLAN-SERIES B15-REGULAR PLAN-GROWTH,10.1513,PRINCIPAL Mutual Fund,Income
2014-05-19,128913,PRINCIPAL PNB FIXED MATURITY PLAN-SERIES B15-REGULAR PLAN-GROWTH,10.1601,PRINCIPAL Mutual Fund,Income
2014-05-20,128913,PRINCIPAL PNB FIXED MATURITY PLAN-SERIES B15-REGULAR PLAN-GROWTH,10.1629,PRINCIPAL Mutual Fund,Income
2014-05-21,128913,PRINCIPAL PNB FIXED MATURITY PLAN-SERIES B15-REGULAR PLAN-GROWTH,10.1662,PRINCIPAL Mutual Fund,Income
2014-05-22,128913,PRINCIPAL PNB FIXED MATURITY PLAN-SERIES B15-REGULAR PLAN-GROWTH,10.1711,PRINCIPAL Mutual Fund,Income
2014-05-23,128913,PRINCIPAL PNB FIXED MATURITY PLAN-SERIES B15-REGULAR PLAN-GROWTH,10.1756,PRINCIPAL Mutual Fund,Income
2014-05-26,128913,PRINCIPAL PNB FIXED MATURITY PLAN-SERIES B15-REGULAR PLAN-GROWTH,10.1817,PRINCIPAL Mutual Fund,Income
2014-05-27,128913,PRINCIPAL PNB FIXED MATURITY PLAN-SERIES B15-REGULAR PLAN-GROWTH,10.1834,PRINCIPAL Mutual Fund,Income
2014-05-28,128913,PRINCIPAL PNB FIXED MATURITY PLAN-SERIES B15-REGULAR PLAN-GROWTH,10.185,PRINCIPAL Mutual Fund,Income
2014-05-29,128913,PRINCIPAL PNB FIXED MATURITY PLAN-SERIES B15-REGULAR PLAN-GROWTH,10.1886,PRINCIPAL Mutual Fund,Income
2014-05-30,128913,PRINCIPAL PNB FIXED MATURITY PLAN-SERIES B15-REGULAR PLAN-GROWTH,10.1949,PRINCIPAL Mutual Fund,Income
2014-06-02,128913,PRINCIPAL PNB FIXED MATURITY PLAN-SERIES B15-REGULAR PLAN-GROWTH,10.2004,PRINCIPAL Mutual Fund,Income
2014-06-03,128913,PRINCIPAL PNB FIXED MATURITY PLAN-SERIES B15-REGULAR PLAN-GROWTH,10.2047,PRINCIPAL Mutual Fund,Income
2014-06-04,128913,PRINCIPAL PNB FIXED MATURITY PLAN-SERIES B15-REGULAR PLAN-GROWTH,10.2133,PRINCIPAL Mutual Fund,Income
2014-06-05,128913,PRINCIPAL PNB FIXED MATURITY PLAN-SERIES B15-REGULAR PLAN-GROWTH,10.2187,PRINCIPAL Mutual Fund,Income
2014-06-06,128913,PRINCIPAL PNB FIXED MATURITY PLAN-SERIES B15-REGULAR PLAN-GROWTH,10.2213,PRINCIPAL Mutual Fund,Income
2014-06-09,128913,PRINCIPAL PNB FIXED MATURITY PLAN-SERIES B15-REGULAR PLAN-GROWTH,10.2281,PRINCIPAL Mutual Fund,Income
2014-06-10,128913,PRINCIPAL PNB FIXED MATURITY PLAN-SERIES B15-REGULAR PLAN-GROWTH,10.2296,PRINCIPAL Mutual Fund,Income
2014-06-11,128913,PRINCIPAL PNB FIXED MATURITY PLAN-SERIES B15-REGULAR PLAN-GROWTH,10.2325,PRINCIPAL Mutual Fund,Income
2014-06-12,128913,PRINCIPAL PNB FIXED MATURITY PLAN-SERIES B15-REGULAR PLAN-GROWTH,10.2343,PRINCIPAL Mutual Fund,Income
2014-06-13,128913,PRINCIPAL PNB FIXED MATURITY PLAN-SERIES B15-REGULAR PLAN-GROWTH,10.2356,PRINCIPAL Mutual Fund,Income
2014-06-16,128913,PRINCIPAL PNB FIXED MATURITY PLAN-SERIES B15-REGULAR PLAN-GROWTH,10.2399,PRINCIPAL Mutual Fund,Income
2014-06-17,128913,PRINCIPAL PNB FIXED MATURITY PLAN-SERIES B15-REGULAR PLAN-GROWTH,10.2421,PRINCIPAL Mutual Fund,Income
2014-06-18,128913,PRINCIPAL PNB FIXED MATURITY PLAN-SERIES B15-REGULAR PLAN-GROWTH,10.2453,PRINCIPAL Mutual Fund,Income
2014-06-19,128913,PRINCIPAL PNB FIXED MATURITY PLAN-SERIES B15-REGULAR PLAN-GROWTH,10.2471,PRINCIPAL Mutual Fund,Income
2014-06-20,128913,PRINCIPAL PNB FIXED MATURITY PLAN-SERIES B15-REGULAR PLAN-GROWTH,10.2496,PRINCIPAL Mutual Fund,Income
2014-06-23,128913,PRINCIPAL PNB FIXED MATURITY PLAN-SERIES B15-REGULAR PLAN-GROWTH,10.2557,PRINCIPAL Mutual Fund,Income
2014-06-24,128913,PRINCIPAL PNB FIXED MATURITY PLAN-SERIES B15-REGULAR PLAN-GROWTH,10.2591,PRINCIPAL Mutual Fund,Income
2014-06-25,128913,PRINCIPAL PNB FIXED MATURITY PLAN-SERIES B15-REGULAR PLAN-GROWTH,10.2607,PRINCIPAL Mutual Fund,Income
2014-06-26,128913,PRINCIPAL PNB FIXED MATURITY PLAN-SERIES B15-REGULAR PLAN-GROWTH,10.2646,PRINCIPAL Mutual Fund,Income
2014-06-27,128913,PRINCIPAL PNB FIXED MATURITY PLAN-SERIES B15-REGULAR PLAN-GROWTH,10.267,PRINCIPAL Mutual Fund,Income
2014-06-30,128913,PRINCIPAL PNB FIXED MATURITY PLAN-SERIES B15-REGULAR PLAN-GROWTH,10.2745,PRINCIPAL Mutual Fund,Income
2014-07-02,128913,PRINCIPAL PNB FIXED MATURITY PLAN-SERIES B15-REGULAR PLAN-GROWTH,10.2828,PRINCIPAL Mutual Fund,Income
2014-07-03,128913,PRINCIPAL PNB FIXED MATURITY PLAN-SERIES B15-REGULAR PLAN-GROWTH,10.2862,PRINCIPAL Mutual Fund,Income
2014-07-04,128913,PRINCIPAL PNB FIXED MATURITY PLAN-SERIES B15-REGULAR PLAN-GROWTH,10.2894,PRINCIPAL Mutual Fund,Income
2014-07-07,128913,PRINCIPAL PNB FIXED MATURITY PLAN-SERIES B15-REGULAR PLAN-GROWTH,10.2963,PRINCIPAL Mutual Fund,Income
2014-07-08,128913,PRINCIPAL PNB FIXED MATURITY PLAN-SERIES B15-REGULAR PLAN-GROWTH,10.2979,PRINCIPAL Mutual Fund,Income
2014-07-09,128913,PRINCIPAL PNB FIXED MATURITY PLAN-SERIES B15-REGULAR PLAN-GROWTH,10.2989,PRINCIPAL Mutual Fund,Income
2014-07-10,128913,PRINCIPAL PNB FIXED MATURITY PLAN-SERIES B15-REGULAR PLAN-GROWTH,10.2991,PRINCIPAL Mutual Fund,Income
2014-07-11,128913,PRINCIPAL PNB FIXED MATURITY PLAN-SERIES B15-REGULAR PLAN-GROWTH,10.2919,PRINCIPAL Mutual Fund,Income
2014-07-14,128913,PRINCIPAL PNB FIXED MATURITY PLAN-SERIES B15-REGULAR PLAN-GROWTH,10.2976,PRINCIPAL Mutual Fund,Income
2014-07-15,128913,PRINCIPAL PNB FIXED MATURITY PLAN-SERIES B15-REGULAR PLAN-GROWTH,10.302,PRINCIPAL Mutual Fund,Income
2014-07-16,128913,PRINCIPAL PNB FIXED MATURITY PLAN-SERIES B15-REGULAR PLAN-GROWTH,10.3062,PRINCIPAL Mutual Fund,Income
2014-07-17,128913,PRINCIPAL PNB FIXED MATURITY PLAN-SERIES B15-REGULAR PLAN-GROWTH,10.3109,PRINCIPAL Mutual Fund,Income
2014-07-18,128913,PRINCIPAL PNB FIXED MATURITY PLAN-SERIES B15-REGULAR PLAN-GROWTH,10.3139,PRINCIPAL Mutual Fund,Income
2014-07-21,128913,PRINCIPAL PNB FIXED MATURITY PLAN-SERIES B15-REGULAR PLAN-GROWTH,10.3208,PRINCIPAL Mutual Fund,Income
2014-07-22,128913,PRINCIPAL PNB FIXED MATURITY PLAN-SERIES B15-REGULAR PLAN-GROWTH,10.3231,PRINCIPAL Mutual Fund,Income
2014-07-23,128913,PRINCIPAL PNB FIXED MATURITY PLAN-SERIES B15-REGULAR PLAN-GROWTH,10.3247,PRINCIPAL Mutual Fund,Income
2014-07-24,128913,PRINCIPAL PNB FIXED MATURITY PLAN-SERIES B15-REGULAR PLAN-GROWTH,10.3257,PRINCIPAL Mutual Fund,Income
2014-07-25,128913,PRINCIPAL PNB FIXED MATURITY PLAN-SERIES B15-REGULAR PLAN-GROWTH,10.3283,PRINCIPAL Mutual Fund,Income
2014-07-28,128913,PRINCIPAL PNB FIXED MATURITY PLAN-SERIES B15-REGULAR PLAN-GROWTH,10.3343,PRINCIPAL Mutual Fund,Income
2014-07-30,128913,PRINCIPAL PNB FIXED MATURITY PLAN-SERIES B15-REGULAR PLAN-GROWTH,10.3401,PRINCIPAL Mutual Fund,Income
2014-07-31,128913,PRINCIPAL PNB FIXED MATURITY PLAN-SERIES B15-REGULAR PLAN-GROWTH,10.3419,PRINCIPAL Mutual Fund,Income
2014-08-01,128913,PRINCIPAL PNB FIXED MATURITY PLAN-SERIES B15-REGULAR PLAN-GROWTH,10.3433,PRINCIPAL Mutual Fund,Income
2014-08-04,128913,PRINCIPAL PNB FIXED MATURITY PLAN-SERIES B15-REGULAR PLAN-GROWTH,10.351,PRINCIPAL Mutual Fund,Income
2014-08-05,128913,PRINCIPAL PNB FIXED MATURITY PLAN-SERIES B15-REGULAR PLAN-GROWTH,10.3542,PRINCIPAL Mutual Fund,Income
2014-08-06,128913,PRINCIPAL PNB FIXED MATURITY PLAN-SERIES B15-REGULAR PLAN-GROWTH,10.354,PRINCIPAL Mutual Fund,Income
2014-08-07,128913,PRINCIPAL PNB FIXED MATURITY PLAN-SERIES B15-REGULAR PLAN-GROWTH,10.3555,PRINCIPAL Mutual Fund,Income
2014-08-08,128913,PRINCIPAL PNB FIXED MATURITY PLAN-SERIES B15-REGULAR PLAN-GROWTH,10.3576,PRINCIPAL Mutual Fund,Income
2014-08-11,128913,PRINCIPAL PNB FIXED MATURITY PLAN-SERIES B15-REGULAR PLAN-GROWTH,10.3645,PRINCIPAL Mutual Fund,Income
2014-08-12,128913,PRINCIPAL PNB FIXED MATURITY PLAN-SERIES B15-REGULAR PLAN-GROWTH,10.3675,PRINCIPAL Mutual Fund,Income
2014-08-13,128913,PRINCIPAL PNB FIXED MATURITY PLAN-SERIES B15-REGULAR PLAN-GROWTH,10.3702,PRINCIPAL Mutual Fund,Income
2014-08-14,128913,PRINCIPAL PNB FIXED MATURITY PLAN-SERIES B15-REGULAR PLAN-GROWTH,10.3725,PRINCIPAL Mutual Fund,Income
2014-08-19,128913,PRINCIPAL PNB FIXED MATURITY PLAN-SERIES B15-REGULAR PLAN-GROWTH,10.3847,PRINCIPAL Mutual Fund,Income
2014-08-20,128913,PRINCIPAL PNB FIXED MATURITY PLAN-SERIES B15-REGULAR PLAN-GROWTH,10.3869,PRINCIPAL Mutual Fund,Income
2014-08-21,128913,PRINCIPAL PNB FIXED MATURITY PLAN-SERIES B15-REGULAR PLAN-GROWTH,10.3902,PRINCIPAL Mutual Fund,Income
2014-08-22,128913,PRINCIPAL PNB FIXED MATURITY PLAN-SERIES B15-REGULAR PLAN-GROWTH,10.3943,PRINCIPAL Mutual Fund,Income
2014-08-25,128913,PRINCIPAL PNB FIXED MATURITY PLAN-SERIES B15-REGULAR PLAN-GROWTH,10.4027,PRINCIPAL Mutual Fund,Income
2014-08-26,128913,PRINCIPAL PNB FIXED MATURITY PLAN-SERIES B15-REGULAR PLAN-GROWTH,10.4068,PRINCIPAL Mutual Fund,Income
2014-08-27,128913,PRINCIPAL PNB FIXED MATURITY PLAN-SERIES B15-REGULAR PLAN-GROWTH,10.4097,PRINCIPAL Mutual Fund,Income
2014-08-28,128913,PRINCIPAL PNB FIXED MATURITY PLAN-SERIES B15-REGULAR PLAN-GROWTH,10.4107,PRINCIPAL Mutual Fund,Income
2014-09-01,128913,PRINCIPAL PNB FIXED MATURITY PLAN-SERIES B15-REGULAR PLAN-GROWTH,10.4207,PRINCIPAL Mutual Fund,Income
2014-09-02,128913,PRINCIPAL PNB FIXED MATURITY PLAN-SERIES B15-REGULAR PLAN-GROWTH,10.4234,PRINCIPAL Mutual Fund,Income
2014-09-03,128913,PRINCIPAL PNB FIXED MATURITY PLAN-SERIES B15-REGULAR PLAN-GROWTH,10.4262,PRINCIPAL Mutual Fund,Income
2014-09-04,128913,PRINCIPAL PNB FIXED MATURITY PLAN-SERIES B15-REGULAR PLAN-GROWTH,10.4287,PRINCIPAL Mutual Fund,Income
2014-09-05,128913,PRINCIPAL PNB FIXED MATURITY PLAN-SERIES B15-REGULAR PLAN-GROWTH,10.4311,PRINCIPAL Mutual Fund,Income
2014-09-08,128913,PRINCIPAL PNB FIXED MATURITY PLAN-SERIES B15-REGULAR PLAN-GROWTH,10.438,PRINCIPAL Mutual Fund,Income
2014-09-09,128913,PRINCIPAL PNB FIXED MATURITY PLAN-SERIES B15-REGULAR PLAN-GROWTH,10.4404,PRINCIPAL Mutual Fund,Income
2014-09-10,128913,PRINCIPAL PNB FIXED MATURITY PLAN-SERIES B15-REGULAR PLAN-GROWTH,10.4424,PRINCIPAL Mutual Fund,Income
2014-09-11,128913,PRINCIPAL PNB FIXED MATURITY PLAN-SERIES B15-REGULAR PLAN-GROWTH,10.4445,PRINCIPAL Mutual Fund,Income
2014-09-12,128913,PRINCIPAL PNB FIXED MATURITY PLAN-SERIES B15-REGULAR PLAN-GROWTH,10.4468,PRINCIPAL Mutual Fund,Income
2014-09-15,128913,PRINCIPAL PNB FIXED MATURITY PLAN-SERIES B15-REGULAR PLAN-GROWTH,10.4543,PRINCIPAL Mutual Fund,Income
2014-09-16,128913,PRINCIPAL PNB FIXED MATURITY PLAN-SERIES B15-REGULAR PLAN-GROWTH,10.457,PRINCIPAL Mutual Fund,Income
2014-09-17,128913,PRINCIPAL PNB FIXED MATURITY PLAN-SERIES B15-REGULAR PLAN-GROWTH,10.4601,PRINCIPAL Mutual Fund,Income
2014-09-18,128913,PRINCIPAL PNB FIXED MATURITY PLAN-SERIES B15-REGULAR PLAN-GROWTH,10.4633,PRINCIPAL Mutual Fund,Income
2014-09-19,128913,PRINCIPAL PNB FIXED MATURITY PLAN-SERIES B15-REGULAR PLAN-GROWTH,10.4661,PRINCIPAL Mutual Fund,Income
2014-09-22,128913,PRINCIPAL PNB FIXED MATURITY PLAN-SERIES B15-REGULAR PLAN-GROWTH,10.4733,PRINCIPAL Mutual Fund,Income
2014-09-23,128913,PRINCIPAL PNB FIXED MATURITY PLAN-SERIES B15-REGULAR PLAN-GROWTH,10.4761,PRINCIPAL Mutual Fund,Income
2014-09-24,128913,PRINCIPAL PNB FIXED MATURITY PLAN-SERIES B15-REGULAR PLAN-GROWTH,10.4785,PRINCIPAL Mutual Fund,Income
2014-09-25,128913,PRINCIPAL PNB FIXED MATURITY PLAN-SERIES B15-REGULAR PLAN-GROWTH,10.4812,PRINCIPAL Mutual Fund,Income
2014-09-26,128913,PRINCIPAL PNB FIXED MATURITY PLAN-SERIES B15-REGULAR PLAN-GROWTH,10.4836,PRINCIPAL Mutual Fund,Income
2014-09-29,128913,PRINCIPAL PNB FIXED MATURITY PLAN-SERIES B15-REGULAR PLAN-GROWTH,10.4909,PRINCIPAL Mutual Fund,Income
2014-09-30,128913,PRINCIPAL PNB FIXED MATURITY PLAN-SERIES B15-REGULAR PLAN-GROWTH,10.4947,PRINCIPAL Mutual Fund,Income
2014-10-01,128913,PRINCIPAL PNB FIXED MATURITY PLAN-SERIES B15-REGULAR PLAN-GROWTH,10.4979,PRINCIPAL Mutual Fund,Income
2014-10-07,128913,PRINCIPAL PNB FIXED MATURITY PLAN-SERIES B15-REGULAR PLAN-GROWTH,10.5139,PRINCIPAL Mutual Fund,Income
2014-10-08,128913,PRINCIPAL PNB FIXED MATURITY PLAN-SERIES B15-REGULAR PLAN-GROWTH,10.5181,PRINCIPAL Mutual Fund,Income
2014-10-09,128913,PRINCIPAL PNB FIXED MATURITY PLAN-SERIES B15-REGULAR PLAN-GROWTH,10.5204,PRINCIPAL Mutual Fund,Income
2014-10-10,128913,PRINCIPAL PNB FIXED MATURITY PLAN-SERIES B15-REGULAR PLAN-GROWTH,10.5227,PRINCIPAL Mutual Fund,Income
2014-10-13,128913,PRINCIPAL PNB FIXED MATURITY PLAN-SERIES B15-REGULAR PLAN-GROWTH,10.5305,PRINCIPAL Mutual Fund,Income
2014-10-14,128913,PRINCIPAL PNB FIXED MATURITY PLAN-SERIES B15-REGULAR PLAN-GROWTH,10.5344,PRINCIPAL Mutual Fund,Income
2014-10-16,128913,PRINCIPAL PNB FIXED MATURITY PLAN-SERIES B15-REGULAR PLAN-GROWTH,10.5387,PRINCIPAL Mutual Fund,Income
2014-10-17,128913,PRINCIPAL PNB FIXED MATURITY PLAN-SERIES B15-REGULAR PLAN-GROWTH,10.5413,PRINCIPAL Mutual Fund,Income
2014-10-20,128913,PRINCIPAL PNB FIXED MATURITY PLAN-SERIES B15-REGULAR PLAN-GROWTH,10.5495,PRINCIPAL Mutual Fund,Income
2014-10-21,128913,PRINCIPAL PNB FIXED MATURITY PLAN-SERIES B15-REGULAR PLAN-GROWTH,10.5523,PRINCIPAL Mutual Fund,Income
2014-10-22,128913,PRINCIPAL PNB FIXED MATURITY PLAN-SERIES B15-REGULAR PLAN-GROWTH,10.5546,PRINCIPAL Mutual Fund,Income
2014-10-27,128913,PRINCIPAL PNB FIXED MATURITY PLAN-SERIES B15-REGULAR PLAN-GROWTH,10.5675,PRINCIPAL Mutual Fund,Income
2014-10-28,128913,PRINCIPAL PNB FIXED MATURITY PLAN-SERIES B15-REGULAR PLAN-GROWTH,10.5707,PRINCIPAL Mutual Fund,Income
2014-10-29,128913,PRINCIPAL PNB FIXED MATURITY PLAN-SERIES B15-REGULAR PLAN-GROWTH,10.5736,PRINCIPAL Mutual Fund,Income
2014-10-30,128913,PRINCIPAL PNB FIXED MATURITY PLAN-SERIES B15-REGULAR PLAN-GROWTH,10.5767,PRINCIPAL Mutual Fund,Income
2014-10-31,128913,PRINCIPAL PNB FIXED MATURITY PLAN-SERIES B15-REGULAR PLAN-GROWTH,10.5798,PRINCIPAL Mutual Fund,Income
2014-11-03,128913,PRINCIPAL PNB FIXED MATURITY PLAN-SERIES B15-REGULAR PLAN-GROWTH,10.5873,PRINCIPAL Mutual Fund,Income
2014-11-05,128913,PRINCIPAL PNB FIXED MATURITY PLAN-SERIES B15-REGULAR PLAN-GROWTH,10.5941,PRINCIPAL Mutual Fund,Income
2014-11-07,128913,PRINCIPAL PNB FIXED MATURITY PLAN-SERIES B15-REGULAR PLAN-GROWTH,10.6008,PRINCIPAL Mutual Fund,Income
2014-11-10,128913,PRINCIPAL PNB FIXED MATURITY PLAN-SERIES B15-REGULAR PLAN-GROWTH,10.6085,PRINCIPAL Mutual Fund,Income
2014-11-11,128913,PRINCIPAL PNB FIXED MATURITY PLAN-SERIES B15-REGULAR PLAN-GROWTH,10.6106,PRINCIPAL Mutual Fund,Income
2014-11-12,128913,PRINCIPAL PNB FIXED MATURITY PLAN-SERIES B15-REGULAR PLAN-GROWTH,10.613,PRINCIPAL Mutual Fund,Income
2014-11-13,128913,PRINCIPAL PNB FIXED MATURITY PLAN-SERIES B15-REGULAR PLAN-GROWTH,10.6152,PRINCIPAL Mutual Fund,Income
2014-11-14,128913,PRINCIPAL PNB FIXED MATURITY PLAN-SERIES B15-REGULAR PLAN-GROWTH,10.6177,PRINCIPAL Mutual Fund,Income
2014-11-17,128913,PRINCIPAL PNB FIXED MATURITY PLAN-SERIES B15-REGULAR PLAN-GROWTH,10.6255,PRINCIPAL Mutual Fund,Income
2014-11-18,128913,PRINCIPAL PNB FIXED MATURITY PLAN-SERIES B15-REGULAR PLAN-GROWTH,10.6279,PRINCIPAL Mutual Fund,Income
2014-11-19,128913,PRINCIPAL PNB FIXED MATURITY PLAN-SERIES B15-REGULAR PLAN-GROWTH,10.6307,PRINCIPAL Mutual Fund,Income
2014-11-20,128913,PRINCIPAL PNB FIXED MATURITY PLAN-SERIES B15-REGULAR PLAN-GROWTH,10.6333,PRINCIPAL Mutual Fund,Income
2014-11-21,128913,PRINCIPAL PNB FIXED MATURITY PLAN-SERIES B15-REGULAR PLAN-GROWTH,10.6355,PRINCIPAL Mutual Fund,Income
2014-11-24,128913,PRINCIPAL PNB FIXED MATURITY PLAN-SERIES B15-REGULAR PLAN-GROWTH,10.6425,PRINCIPAL Mutual Fund,Income
2014-11-25,128913,PRINCIPAL PNB FIXED MATURITY PLAN-SERIES B15-REGULAR PLAN-GROWTH,10.6449,PRINCIPAL Mutual Fund,Income
2014-11-26,128913,PRINCIPAL PNB FIXED MATURITY PLAN-SERIES B15-REGULAR PLAN-GROWTH,10.6477,PRINCIPAL Mutual Fund,Income
2014-11-27,128913,PRINCIPAL PNB FIXED MATURITY PLAN-SERIES B15-REGULAR PLAN-GROWTH,10.65,PRINCIPAL Mutual Fund,Income
2014-11-28,128913,PRINCIPAL PNB FIXED MATURITY PLAN-SERIES B15-REGULAR PLAN-GROWTH,10.6524,PRINCIPAL Mutual Fund,Income
2014-12-01,128913,PRINCIPAL PNB FIXED MATURITY PLAN-SERIES B15-REGULAR PLAN-GROWTH,10.6607,PRINCIPAL Mutual Fund,Income
2014-12-02,128913,PRINCIPAL PNB FIXED MATURITY PLAN-SERIES B15-REGULAR PLAN-GROWTH,10.6631,PRINCIPAL Mutual Fund,Income
2014-12-03,128913,PRINCIPAL PNB FIXED MATURITY PLAN-SERIES B15-REGULAR PLAN-GROWTH,10.666,PRINCIPAL Mutual Fund,Income
2014-12-04,128913,PRINCIPAL PNB FIXED MATURITY PLAN-SERIES B15-REGULAR PLAN-GROWTH,10.6689,PRINCIPAL Mutual Fund,Income
2014-12-05,128913,PRINCIPAL PNB FIXED MATURITY PLAN-SERIES B15-REGULAR PLAN-GROWTH,10.6714,PRINCIPAL Mutual Fund,Income
2014-12-08,128913,PRINCIPAL PNB FIXED MATURITY PLAN-SERIES B15-REGULAR PLAN-GROWTH,10.6783,PRINCIPAL Mutual Fund,Income
2014-12-09,128913,PRINCIPAL PNB FIXED MATURITY PLAN-SERIES B15-REGULAR PLAN-GROWTH,10.6808,PRINCIPAL Mutual Fund,Income
2014-12-10,128913,PRINCIPAL PNB FIXED MATURITY PLAN-SERIES B15-REGULAR PLAN-GROWTH,10.683,PRINCIPAL Mutual Fund,Income
2014-12-11,128913,PRINCIPAL PNB FIXED MATURITY PLAN-SERIES B15-REGULAR PLAN-GROWTH,10.6853,PRINCIPAL Mutual Fund,Income
2014-12-12,128913,PRINCIPAL PNB FIXED MATURITY PLAN-SERIES B15-REGULAR PLAN-GROWTH,10.6875,PRINCIPAL Mutual Fund,Income
2014-12-15,128913,PRINCIPAL PNB FIXED MATURITY PLAN-SERIES B15-REGULAR PLAN-GROWTH,10.6943,PRINCIPAL Mutual Fund,Income
2014-12-16,128913,PRINCIPAL PNB FIXED MATURITY PLAN-SERIES B15-REGULAR PLAN-GROWTH,10.6948,PRINCIPAL Mutual Fund,Income
2014-12-17,128913,PRINCIPAL PNB FIXED MATURITY PLAN-SERIES B15-REGULAR PLAN-GROWTH,10.6967,PRINCIPAL Mutual Fund,Income
2014-12-18,128913,PRINCIPAL PNB FIXED MATURITY PLAN-SERIES B15-REGULAR PLAN-GROWTH,10.6986,PRINCIPAL Mutual Fund,Income
2014-12-19,128913,PRINCIPAL PNB FIXED MATURITY PLAN-SERIES B15-REGULAR PLAN-GROWTH,10.7008,PRINCIPAL Mutual Fund,Income
2014-12-22,128913,PRINCIPAL PNB FIXED MATURITY PLAN-SERIES B15-REGULAR PLAN-GROWTH,10.707,PRINCIPAL Mutual Fund,Income
2014-12-23,128913,PRINCIPAL PNB FIXED MATURITY PLAN-SERIES B15-REGULAR PLAN-GROWTH,10.709,PRINCIPAL Mutual Fund,Income
2014-12-24,128913,PRINCIPAL PNB FIXED MATURITY PLAN-SERIES B15-REGULAR PLAN-GROWTH,10.711,PRINCIPAL Mutual Fund,Income
2014-12-26,128913,PRINCIPAL PNB FIXED MATURITY PLAN-SERIES B15-REGULAR PLAN-GROWTH,10.7153,PRINCIPAL Mutual Fund,Income
2014-12-29,128913,PRINCIPAL PNB FIXED MATURITY PLAN-SERIES B15-REGULAR PLAN-GROWTH,10.7223,PRINCIPAL Mutual Fund,Income
2014-12-30,128913,PRINCIPAL PNB FIXED MATURITY PLAN-SERIES B15-REGULAR PLAN-GROWTH,10.7251,PRINCIPAL Mutual Fund,Income
2014-12-31,128913,PRINCIPAL PNB FIXED MATURITY PLAN-SERIES B15-REGULAR PLAN-GROWTH,10.7286,PRINCIPAL Mutual Fund,Income
2015-01-01,128913,PRINCIPAL PNB FIXED MATURITY PLAN-SERIES B15-REGULAR PLAN-GROWTH,10.7313,PRINCIPAL Mutual Fund,Income
2015-01-02,128913,PRINCIPAL PNB FIXED MATURITY PLAN-SERIES B15-REGULAR PLAN-GROWTH,10.7338,PRINCIPAL Mutual Fund,Income
2015-01-05,128913,PRINCIPAL PNB FIXED MATURITY PLAN-SERIES B15-REGULAR PLAN-GROWTH,10.7407,PRINCIPAL Mutual Fund,Income
2015-01-06,128913,PRINCIPAL PNB FIXED MATURITY PLAN-SERIES B15-REGULAR PLAN-GROWTH,10.7429,PRINCIPAL Mutual Fund,Income
2015-01-07,128913,PRINCIPAL PNB FIXED MATURITY PLAN-SERIES B15-REGULAR PLAN-GROWTH,10.7456,PRINCIPAL Mutual Fund,Income
2015-01-08,128913,PRINCIPAL PNB FIXED MATURITY PLAN-SERIES B15-REGULAR PLAN-GROWTH,10.748,PRINCIPAL Mutual Fund,Income
2015-01-09,128913,PRINCIPAL PNB FIXED MATURITY PLAN-SERIES B15-REGULAR PLAN-GROWTH,10.7504,PRINCIPAL Mutual Fund,Income
2015-01-12,128913,PRINCIPAL PNB FIXED MATURITY PLAN-SERIES B15-REGULAR PLAN-GROWTH,10.7572,PRINCIPAL Mutual Fund,Income
2015-01-13,128913,PRINCIPAL PNB FIXED MATURITY PLAN-SERIES B15-REGULAR PLAN-GROWTH,10.7597,PRINCIPAL Mutual Fund,Income
2015-01-14,128913,PRINCIPAL PNB FIXED MATURITY PLAN-SERIES B15-REGULAR PLAN-GROWTH,10.7621,PRINCIPAL Mutual Fund,Income
2015-01-15,128913,PRINCIPAL PNB FIXED MATURITY PLAN-SERIES B15-REGULAR PLAN-GROWTH,10.7664,PRINCIPAL Mutual Fund,Income
2015-01-16,128913,PRINCIPAL PNB FIXED MATURITY PLAN-SERIES B15-REGULAR PLAN-GROWTH,10.7687,PRINCIPAL Mutual Fund,Income
2015-01-19,128913,PRINCIPAL PNB FIXED MATURITY PLAN-SERIES B15-REGULAR PLAN-GROWTH,10.7757,PRINCIPAL Mutual Fund,Income
2015-01-20,128913,PRINCIPAL PNB FIXED MATURITY PLAN-SERIES B15-REGULAR PLAN-GROWTH,10.778,PRINCIPAL Mutual Fund,Income
2015-01-21,128913,PRINCIPAL PNB FIXED MATURITY PLAN-SERIES B15-REGULAR PLAN-GROWTH,10.7803,PRINCIPAL Mutual Fund,Income
2015-01-22,128913,PRINCIPAL PNB FIXED MATURITY PLAN-SERIES B15-REGULAR PLAN-GROWTH,10.7829,PRINCIPAL Mutual Fund,Income
2015-01-23,128913,PRINCIPAL PNB FIXED MATURITY PLAN-SERIES B15-REGULAR PLAN-GROWTH,10.7852,PRINCIPAL Mutual Fund,Income
2015-01-27,128913,PRINCIPAL PNB FIXED MATURITY PLAN-SERIES B15-REGULAR PLAN-GROWTH,10.7947,PRINCIPAL Mutual Fund,Income
2015-01-28,128913,PRINCIPAL PNB FIXED MATURITY PLAN-SERIES B15-REGULAR PLAN-GROWTH,10.797,PRINCIPAL Mutual Fund,Income
2015-01-29,128913,PRINCIPAL PNB FIXED MATURITY PLAN-SERIES B15-REGULAR PLAN-GROWTH,10.7992,PRINCIPAL Mutual Fund,Income
2015-01-30,128913,PRINCIPAL PNB FIXED MATURITY PLAN-SERIES B15-REGULAR PLAN-GROWTH,10.8016,PRINCIPAL Mutual Fund,Income
2015-02-02,128913,PRINCIPAL PNB FIXED MATURITY PLAN-SERIES B15-REGULAR PLAN-GROWTH,10.8087,PRINCIPAL Mutual Fund,Income
2015-02-03,128913,PRINCIPAL PNB FIXED MATURITY PLAN-SERIES B15-REGULAR PLAN-GROWTH,10.811,PRINCIPAL Mutual Fund,Income
2015-02-04,128913,PRINCIPAL PNB FIXED MATURITY PLAN-SERIES B15-REGULAR PLAN-GROWTH,10.8129,PRINCIPAL Mutual Fund,Income
2015-02-05,128913,PRINCIPAL PNB FIXED MATURITY PLAN-SERIES B15-REGULAR PLAN-GROWTH,10.8153,PRINCIPAL Mutual Fund,Income
2015-02-06,128913,PRINCIPAL PNB FIXED MATURITY PLAN-SERIES B15-REGULAR PLAN-GROWTH,10.8177,PRINCIPAL Mutual Fund,Income
2015-02-09,128913,PRINCIPAL PNB FIXED MATURITY PLAN-SERIES B15-REGULAR PLAN-GROWTH,10.8248,PRINCIPAL Mutual Fund,Income
2015-02-10,128913,PRINCIPAL PNB FIXED MATURITY PLAN-SERIES B15-REGULAR PLAN-GROWTH,10.8272,PRINCIPAL Mutual Fund,Income
2015-02-11,128913,PRINCIPAL PNB FIXED MATURITY PLAN-SERIES B15-REGULAR PLAN-GROWTH,10.8296,PRINCIPAL Mutual Fund,Income
2015-02-12,128913,PRINCIPAL PNB FIXED MATURITY PLAN-SERIES B15-REGULAR PLAN-GROWTH,10.832,PRINCIPAL Mutual Fund,Income
2015-02-13,128913,PRINCIPAL PNB FIXED MATURITY PLAN-SERIES B15-REGULAR PLAN-GROWTH,10.8344,PRINCIPAL Mutual Fund,Income
2015-02-16,128913,PRINCIPAL PNB FIXED MATURITY PLAN-SERIES B15-REGULAR PLAN-GROWTH,10.8415,PRINCIPAL Mutual Fund,Income
2015-02-18,128913,PRINCIPAL PNB FIXED MATURITY PLAN-SERIES B15-REGULAR PLAN-GROWTH,10.8463,PRINCIPAL Mutual Fund,Income
2015-02-20,128913,PRINCIPAL PNB FIXED MATURITY PLAN-SERIES B15-REGULAR PLAN-GROWTH,10.851,PRINCIPAL Mutual Fund,Income
2015-02-23,128913,PRINCIPAL PNB FIXED MATURITY PLAN-SERIES B15-REGULAR PLAN-GROWTH,10.8581,PRINCIPAL Mutual Fund,Income
2015-02-24,128913,PRINCIPAL PNB FIXED MATURITY PLAN-SERIES B15-REGULAR PLAN-GROWTH,10.8605,PRINCIPAL Mutual Fund,Income
2015-02-25,128913,PRINCIPAL PNB FIXED MATURITY PLAN-SERIES B15-REGULAR PLAN-GROWTH,10.8628,PRINCIPAL Mutual Fund,Income
2015-02-26,128913,PRINCIPAL PNB FIXED MATURITY PLAN-SERIES B15-REGULAR PLAN-GROWTH,10.8652,PRINCIPAL Mutual Fund,Income
2015-02-27,128913,PRINCIPAL PNB FIXED MATURITY PLAN-SERIES B15-REGULAR PLAN-GROWTH,10.8676,PRINCIPAL Mutual Fund,Income
2015-03-02,128913,PRINCIPAL PNB FIXED MATURITY PLAN-SERIES B15-REGULAR PLAN-GROWTH,10.8747,PRINCIPAL Mutual Fund,Income
2015-03-03,128913,PRINCIPAL PNB FIXED MATURITY PLAN-SERIES B15-REGULAR PLAN-GROWTH,10.877,PRINCIPAL Mutual Fund,Income
2015-03-04,128913,PRINCIPAL PNB FIXED MATURITY PLAN-SERIES B15-REGULAR PLAN-GROWTH,10.8794,PRINCIPAL Mutual Fund,Income
2015-03-05,128913,PRINCIPAL PNB FIXED MATURITY PLAN-SERIES B15-REGULAR PLAN-GROWTH,10.8817,PRINCIPAL Mutual Fund,Income
2015-03-09,128913,PRINCIPAL PNB FIXED MATURITY PLAN-SERIES B15-REGULAR PLAN-GROWTH,10.8911,PRINCIPAL Mutual Fund,Income
2015-03-10,128913,PRINCIPAL PNB FIXED MATURITY PLAN-SERIES B15-REGULAR PLAN-GROWTH,10.8935,PRINCIPAL Mutual Fund,Income
2015-03-11,128913,PRINCIPAL PNB FIXED MATURITY PLAN-SERIES B15-REGULAR PLAN-GROWTH,10.8959,PRINCIPAL Mutual Fund,Income
2015-03-12,128913,PRINCIPAL PNB FIXED MATURITY PLAN-SERIES B15-REGULAR PLAN-GROWTH,10.8983,PRINCIPAL Mutual Fund,Income
2015-03-13,128913,PRINCIPAL PNB FIXED MATURITY PLAN-SERIES B15-REGULAR PLAN-GROWTH,10.9006,PRINCIPAL Mutual Fund,Income
2015-03-16,128913,PRINCIPAL PNB FIXED MATURITY PLAN-SERIES B15-REGULAR PLAN-GROWTH,10.9077,PRINCIPAL Mutual Fund,Income
2015-03-17,128913,PRINCIPAL PNB FIXED MATURITY PLAN-SERIES B15-REGULAR PLAN-GROWTH,10.91,PRINCIPAL Mutual Fund,Income
2015-03-18,128913,PRINCIPAL PNB FIXED MATURITY PLAN-SERIES B15-REGULAR PLAN-GROWTH,10.9123,PRINCIPAL Mutual Fund,Income
2015-03-19,128913,PRINCIPAL PNB FIXED MATURITY PLAN-SERIES B15-REGULAR PLAN-GROWTH,10.9146,PRINCIPAL Mutual Fund,Income
2015-03-20,128913,PRINCIPAL PNB FIXED MATURITY PLAN-SERIES B15-REGULAR PLAN-GROWTH,10.917,PRINCIPAL Mutual Fund,Income
2015-03-23,128913,PRINCIPAL PNB FIXED MATURITY PLAN-SERIES B15-REGULAR PLAN-GROWTH,10.9238,PRINCIPAL Mutual Fund,Income
2015-03-24,128913,PRINCIPAL PNB FIXED MATURITY PLAN-SERIES B15-REGULAR PLAN-GROWTH,10.9261,PRINCIPAL Mutual Fund,Income
2015-03-25,128913,PRINCIPAL PNB FIXED MATURITY PLAN-SERIES B15-REGULAR PLAN-GROWTH,10.9283,PRINCIPAL Mutual Fund,Income
2015-03-26,128913,PRINCIPAL PNB FIXED MATURITY PLAN-SERIES B15-REGULAR PLAN-GROWTH,10.9305,PRINCIPAL Mutual Fund,Income
2015-03-27,128913,PRINCIPAL PNB FIXED MATURITY PLAN-SERIES B15-REGULAR PLAN-GROWTH,10.933,PRINCIPAL Mutual Fund,Income
2015-03-30,128913,PRINCIPAL PNB FIXED MATURITY PLAN-SERIES B15-REGULAR PLAN-GROWTH,10.9404,PRINCIPAL Mutual Fund,Income
2015-03-31,128913,PRINCIPAL PNB FIXED MATURITY PLAN-SERIES B15-REGULAR PLAN-GROWTH,10.9429,PRINCIPAL Mutual Fund,Income
2015-04-06,128913,PRINCIPAL PNB FIXED MATURITY PLAN-SERIES B15-REGULAR PLAN-GROWTH,10.957,PRINCIPAL Mutual Fund,Income
