amfi_code,date,nav
118632,2026-08-17,101.64050
118632,2026-08-14,101.99030
118632,2026-08-13,102.22330
118632,2026-08-12,102.34150
118632,2026-08-11,102.73440
118632,2026-08-10,102.89220
118632,2026-08-07,102.76300
118632,2026-08-06,102.97770
118632,2026-08-05,103.04430
118632,2026-08-04,102.99090
118632,2026-08-03,103.66310
118632,2026-07-31,101.81330
118632,2026-07-30,101.55630
118632,2026-07-29,101.42650
118632,2026-07-28,100.23740
118632,2026-07-27,100.44980
118632,2026-07-24,99.32730
118632,2026-07-23,99.72940
118632,2026-07-22,100.09970
118632,2026-07-21,101.06690
118632,2026-07-20,101.32290
118632,2026-07-17,101.80200
118632,2026-07-16,101.05860
118632,2026-07-15,101.02310
118632,2026-07-14,100.53260
118632,2026-07-13,101.24950
118632,2026-07-10,101.32030
118632,2026-07-09,100.30860
118632,2026-07-08,99.81000
118632,2026-07-07,101.93210
118632,2026-07-06,102.12670
118632,2026-07-03,101.35990
118632,2026-07-02,101.44420
118632,2026-07-01,100.89650
118632,2026-06-30,100.48280
118632,2026-06-29,100.71840
118632,2026-06-25,101.19170
118632,2026-06-24,101.03870
118632,2026-06-23,100.46050
118632,2026-06-22,101.36540
118632,2026-06-19,100.78240
118632,2026-06-18,100.99010
118632,2026-06-17,100.60400
118632,2026-06-16,100.00480
118632,2026-06-15,99.35060
118632,2026-06-12,98.17760
118632,2026-06-11,96.17120
118632,2026-06-10,96.58620
118632,2026-06-09,96.68490
118632,2026-06-08,95.89520
118632,2026-06-05,97.24560
118632,2026-06-04,97.26210
118632,2026-06-03,97.21670
118632,2026-06-02,97.47830
118632,2026-06-01,97.19440
118632,2026-05-29,98.46560
118632,2026-05-27,99.80920
118632,2026-05-26,99.43560
118632,2026-05-25,99.80470
118632,2026-05-22,98.74970
118632,2026-05-21,98.37810
118632,2026-05-20,98.39330
118632,2026-05-19,98.12890
118632,2026-05-18,97.93720
118632,2026-05-15,98.00590
118632,2026-05-14,98.06060
118632,2026-05-13,97.16900
118632,2026-05-12,97.18460
118632,2026-05-11,99.20070
118632,2026-05-08,100.49810
118632,2026-05-07,101.29170
118632,2026-05-06,101.17250
118632,2026-05-05,99.90720
118632,2026-05-04,100.09320
118632,2026-04-30,99.55020
118632,2026-04-29,100.39280
118632,2026-04-28,99.97820
118632,2026-04-27,100.60930
118632,2026-04-24,99.76000
118632,2026-04-23,100.80160
118632,2026-04-22,101.58030
118632,2026-04-21,101.96450
118632,2026-04-20,100.95660
118632,2026-04-17,100.79030
118632,2026-04-16,99.92630
118632,2026-04-15,99.88430
118632,2026-04-13,98.18510
118632,2026-04-10,98.88860
118632,2026-04-09,97.49480
118632,2026-04-08,98.18610
118632,2026-04-07,94.75840
118632,2026-04-06,94.35300
118632,2026-04-02,93.23610
118632,2026-04-01,92.92110
118632,2026-03-31,91.45390
118632,2026-03-30,91.45500
118632,2026-03-27,93.57900
118632,2026-03-25,95.62170
118632,2026-03-24,93.83540
118632,2026-03-23,92.15230
118632,2026-03-20,94.82760
118632,2026-03-19,94.54580
118632,2026-03-18,97.54880
118632,2026-03-17,96.61460
118632,2026-03-16,95.94410
118632,2026-03-13,95.18440
118632,2026-03-12,97.31000
118632,2026-03-11,98.11390
118632,2026-03-10,99.47250
118632,2026-03-09,98.28950
118632,2026-03-06,100.08290
118632,2026-03-05,101.14220
118632,2026-03-04,99.95100
118632,2026-03-02,101.85410
118632,2026-02-27,103.30520
118632,2026-02-26,104.50750
118632,2026-02-25,104.46410
118632,2026-02-24,103.95640
118632,2026-02-23,104.82030
118632,2026-02-20,104.23510
118632,2026-02-19,103.59180
118632,2026-02-18,105.25590
118632,2026-02-17,104.70840
118632,2026-02-16,104.53610
118632,2026-02-13,103.81480
118632,2026-02-12,104.99220
118632,2026-02-11,105.54260
118632,2026-02-10,105.35720
118632,2026-02-09,104.89980
118632,2026-02-06,103.92040
118632,2026-02-05,103.75900
118632,2026-02-04,104.07640
118632,2026-02-03,103.85380
118632,2026-02-02,101.24560
118632,2026-01-30,102.23550
118632,2026-01-29,102.39490
118632,2026-01-28,101.84160
118632,2026-01-27,100.89520
118632,2026-01-23,100.51270
118632,2026-01-22,101.53930
118632,2026-01-21,100.89630
118632,2026-01-20,101.29080
118632,2026-01-19,102.92260
118632,2026-01-16,103.21360
118632,2026-01-14,103.31770
118632,2026-01-13,103.37350
118632,2026-01-12,103.62180
118632,2026-01-09,103.46540
118632,2026-01-08,104.33270
118632,2026-01-07,105.60780
118632,2026-01-06,105.70060
118632,2026-01-05,105.71090
118632,2026-01-02,106.12720
118632,2026-01-01,105.40010
118632,2025-12-31,105.34210
118632,2025-12-30,104.59350
118632,2025-12-29,104.71880
118632,2025-12-26,104.99120
118632,2025-12-24,105.35480
118632,2025-12-23,105.53810
118632,2025-12-22,105.33800
118632,2025-12-19,104.74950
118632,2025-12-18,104.06780
118632,2025-12-17,104.19180
118632,2025-12-16,104.47820
118632,2025-12-15,105.18210
118632,2025-12-12,105.27380
118632,2025-12-11,104.65900
118632,2025-12-10,104.01400
118632,2025-12-09,104.26350
118632,2025-12-08,104.37210
118632,2025-12-05,105.41420
118632,2025-12-04,105.04260
118632,2025-12-03,105.02140
118632,2025-12-02,105.23670
118632,2025-12-01,105.53890
118632,2025-11-28,105.68440
118632,2025-11-27,105.68400
118632,2025-11-26,105.57550
118632,2025-11-25,104.17120
118632,2025-11-24,104.32300
118632,2025-11-21,104.86640
118632,2025-11-20,105.60470
118632,2025-11-19,105.13920
118632,2025-11-18,104.60870
118632,2025-11-17,105.12030
118632,2025-11-14,104.68640
118632,2025-11-13,104.66240
118632,2025-11-12,104.68290
118632,2025-11-11,104.12420
118632,2025-11-10,103.89120
118632,2025-11-07,103.67120
118632,2025-11-06,103.66830
118632,2025-11-04,104.29600
118632,2025-11-03,104.84940
118632,2025-10-31,104.51020
118632,2025-10-30,105.23760
118632,2025-10-29,105.79850
118632,2025-10-28,105.14300
118632,2025-10-27,105.19740
118632,2025-10-24,104.64410
118632,2025-10-23,105.04290
118632,2025-10-20,104.88000
118632,2025-10-17,104.46730
118632,2025-10-16,104.15940
118632,2025-10-15,103.28250
118632,2025-10-14,102.54390
118632,2025-10-13,102.96800
118632,2025-10-10,103.23600
118632,2025-10-09,102.79680
118632,2025-10-08,102.35640
118632,2025-10-07,102.78830
118632,2025-10-06,102.82960
118632,2025-10-03,102.38350
118632,2025-10-01,102.05810
118632,2025-09-30,101.30000
118632,2025-09-26,101.31250
118632,2025-09-25,102.47420
118632,2025-09-24,103.33380
118632,2025-09-23,103.81340
118632,2025-09-22,103.81050
118632,2025-09-19,104.35090
118632,2025-09-18,104.55310
118632,2025-09-17,104.24380
118632,2025-09-16,103.90140
118632,2025-09-15,103.15000
118632,2025-09-12,102.97640
118632,2025-09-11,102.40330
118632,2025-09-10,102.35120
118632,2025-09-09,101.96770
118632,2025-09-08,101.67650
118632,2025-09-05,101.55170
118632,2025-09-04,101.49650
118632,2025-09-03,101.59090
118632,2025-09-02,100.99070
118632,2025-09-01,101.16640
118632,2025-08-29,100.34960
118632,2025-08-28,100.55230
118632,2025-08-26,101.34000
118632,2025-08-25,102.33870
118632,2025-08-22,102.05200
118632,2025-08-21,102.72800
118632,2025-08-20,102.65580
118632,2025-08-19,102.24210
118632,2025-08-18,101.68670
118632,2025-08-14,100.57410
118632,2025-08-13,100.59140
118632,2025-08-12,99.75360
118632,2025-08-11,99.91600
118632,2025-08-08,98.98840
118632,2025-08-07,99.90910
118632,2025-08-06,99.78860
118632,2025-08-05,100.11120
118632,2025-08-04,100.27790
118632,2025-08-01,99.91130
118632,2025-07-31,100.59410
118632,2025-07-30,100.68860
118632,2025-07-29,100.21010
118632,2025-07-28,99.69810
118632,2025-07-25,100.25980
118632,2025-07-24,101.32810
118632,2025-07-23,101.78940
118632,2025-07-22,101.32720
118632,2025-07-21,101.37350
118632,2025-07-18,100.92860
118632,2025-07-17,101.43180
118632,2025-07-16,101.62300
118632,2025-07-15,101.41680
118632,2025-07-14,101.05870
118632,2025-07-11,101.26860
118632,2025-07-10,101.79900
118632,2025-07-09,102.03900
118632,2025-07-08,102.03640
118632,2025-07-07,101.75400
118632,2025-07-04,101.78830
118632,2025-07-03,101.52310
118632,2025-07-02,101.83910
118632,2025-07-01,102.27380
118632,2025-06-30,102.35010
118632,2025-06-27,102.61480
118632,2025-06-26,102.14580
118632,2025-06-25,101.24390
118632,2025-06-24,100.53250
118632,2025-06-23,99.91290
118632,2025-06-20,100.40750
118632,2025-06-19,99.31230
118632,2025-06-18,99.74480
118632,2025-06-17,99.79990
118632,2025-06-16,100.08180
118632,2025-06-13,99.35280
118632,2025-06-12,100.04530
118632,2025-06-11,101.31510
118632,2025-06-10,101.22560
118632,2025-06-09,101.34810
118632,2025-06-06,100.62690
118632,2025-06-05,99.66170
118632,2025-06-04,99.15510
118632,2025-06-03,98.71610
118632,2025-06-02,99.27360
118632,2025-05-30,99.16110
118632,2025-05-29,99.43410
118632,2025-05-28,99.11180
118632,2025-05-27,99.24310
118632,2025-05-26,99.65360
118632,2025-05-23,98.86110
118632,2025-05-22,97.91010
118632,2025-05-21,98.60380
118632,2025-05-20,97.91130
118632,2025-05-19,99.13250
118632,2025-05-16,99.22250
118632,2025-05-15,98.94530
118632,2025-05-14,97.64730
118632,2025-05-13,97.05400
118632,2025-05-12,97.90990
118632,2025-05-09,94.34820
118632,2025-05-08,95.14870
118632,2025-05-07,96.02080
118632,2025-05-06,95.56480
118632,2025-05-05,96.55520
118632,2025-05-02,95.93890
118632,2025-04-30,95.81470
118632,2025-04-29,96.09290
118632,2025-04-28,96.02820
118632,2025-04-25,94.88440
118632,2025-04-24,96.05970
118632,2025-04-23,96.17080
118632,2025-04-22,95.62040
118632,2025-04-21,95.38690
118632,2025-04-17,94.10550
118632,2025-04-16,92.89830
118632,2025-04-15,92.32680
118632,2025-04-11,90.06930
118632,2025-04-09,88.64100
118632,2025-04-08,89.24090
118632,2025-04-07,87.78020
118632,2025-04-04,90.43330
118632,2025-04-03,92.22430
118632,2025-04-02,92.41650
118632,2025-04-01,91.66290
118632,2025-03-31,92.87020
118632,2025-03-28,92.87350
118632,2025-03-27,93.38840
118632,2025-03-26,92.65700
118632,2025-03-25,93.51580
118632,2025-03-24,93.81230
118632,2025-03-21,92.54300
118632,2025-03-20,91.67670
118632,2025-03-19,90.97110
118632,2025-03-18,90.25440
118632,2025-03-17,88.67460
118632,2025-03-13,88.06560
118632,2025-03-12,88.37380
118632,2025-03-11,88.50420
118632,2025-03-10,88.58790
118632,2025-03-07,89.11950
118632,2025-03-06,89.17400
118632,2025-03-05,88.25350
118632,2025-03-04,87.16430
118632,2025-03-03,86.98300
118632,2025-02-28,86.92220
118632,2025-02-27,88.43210
118632,2025-02-25,88.76050
118632,2025-02-24,88.93340
118632,2025-02-21,89.84950
118632,2025-02-20,90.34890
118632,2025-02-19,90.04040
118632,2025-02-18,89.53540
118632,2025-02-17,89.56930
118632,2025-02-14,89.57410
118632,2025-02-13,90.36840
118632,2025-02-12,90.34080
118632,2025-02-11,90.54430
118632,2025-02-10,92.17730
118632,2025-02-07,93.31900
118632,2025-02-06,93.48960
118632,2025-02-05,93.88830
118632,2025-02-04,93.92310
118632,2025-02-03,92.42370
118632,2025-01-31,92.87720
118632,2025-01-30,91.73790
118632,2025-01-29,91.46880
118632,2025-01-28,90.22270
118632,2025-01-27,89.96940
118632,2025-01-24,91.45880
118632,2025-01-23,92.26670
118632,2025-01-22,91.92290
118632,2025-01-21,91.90080
118632,2025-01-20,93.63390
118632,2025-01-17,93.41580
118632,2025-01-16,93.57640
118632,2025-01-15,92.94630
118632,2025-01-14,92.59510
118632,2025-01-13,91.92200
118632,2025-01-10,93.72710
118632,2025-01-09,94.58100
118632,2025-01-08,95.41380
118632,2025-01-07,95.74360
118632,2025-01-06,95.32660
118632,2025-01-03,97.16710
118632,2025-01-02,97.56810
118632,2025-01-01,96.11130
118632,2024-12-31,95.69320
118632,2024-12-30,95.67770
118632,2024-12-27,96.18190
118632,2024-12-26,96.19010
118632,2024-12-24,96.14670
118632,2024-12-23,96.16940
118632,2024-12-20,95.84150
118632,2024-12-19,97.42750
118632,2024-12-18,98.18270
118632,2024-12-17,98.87600
118632,2024-12-16,99.80500
118632,2024-12-13,99.78470
118632,2024-12-12,99.22260
118632,2024-12-11,99.62890
118632,2024-12-10,99.54600
118632,2024-12-09,99.50740
118632,2024-12-06,99.65090
118632,2024-12-05,99.41470
118632,2024-12-04,98.65360
118632,2024-12-03,98.20220
118632,2024-12-02,97.12050
118632,2024-11-29,96.71970
118632,2024-11-28,96.18240
118632,2024-11-27,97.21270
118632,2024-11-26,96.78950
118632,2024-11-25,96.87980
118632,2024-11-22,95.42970
118632,2024-11-21,93.51820
118632,2024-11-19,94.09980
118632,2024-11-18,93.78940
118632,2024-11-14,93.99270
118632,2024-11-13,93.94050
118632,2024-11-12,95.37990
118632,2024-11-11,96.57380
118632,2024-11-08,96.44060
118632,2024-11-07,96.81120
118632,2024-11-06,97.56140
118632,2024-11-05,96.38910
118632,2024-11-04,95.63660
118632,2024-10-31,96.37890
118632,2024-10-30,96.53300
118632,2024-10-29,96.88810
118632,2024-10-28,96.01720
118632,2024-10-25,95.67050
118632,2024-10-24,96.59010
118632,2024-10-23,96.79280
118632,2024-10-22,96.82630
118632,2024-10-21,98.42470
118632,2024-10-18,98.92480
118632,2024-10-17,98.60030
118632,2024-10-16,99.55250
118632,2024-10-15,99.63550
118632,2024-10-14,99.68390
118632,2024-10-11,99.13900
118632,2024-10-10,99.26850
118632,2024-10-09,98.99230
118632,2024-10-08,98.63810
118632,2024-10-07,97.39870
118632,2024-10-04,98.70980
118632,2024-10-03,99.48890
118632,2024-10-01,101.43230
118632,2024-09-30,101.44750
118632,2024-09-27,102.70610
118632,2024-09-26,102.66580
118632,2024-09-25,102.04130
118632,2024-09-24,101.74560
118632,2024-09-23,101.64330
118632,2024-09-20,100.95980
118632,2024-09-19,99.88420
118632,2024-09-18,99.96800
118632,2024-09-17,100.06530
118632,2024-09-16,100.11400
118632,2024-09-13,100.08900
118632,2024-09-12,100.23730
118632,2024-09-11,98.77240
118632,2024-09-10,99.23190
118632,2024-09-09,98.46750
118632,2024-09-06,98.07600
118632,2024-09-05,99.35690
118632,2024-09-04,99.20670
118632,2024-09-03,99.68050
118632,2024-09-02,99.52270
118632,2024-08-30,99.39960
118632,2024-08-29,98.91270
118632,2024-08-28,98.77890
118632,2024-08-27,98.87470
118632,2024-08-26,98.62680
118632,2024-08-23,97.93850
118632,2024-08-22,97.97380
118632,2024-08-21,97.83260
118632,2024-08-20,97.61250
118632,2024-08-19,97.06110
118632,2024-08-16,96.87960
118632,2024-08-14,95.37830
118632,2024-08-13,95.36300
118632,2024-08-12,96.44310
118632,2024-08-09,96.69150
118632,2024-08-08,95.90360
118632,2024-08-07,96.56170
118632,2024-08-06,95.16420
118632,2024-08-05,95.69950
118632,2024-08-02,98.39920
118632,2024-08-01,99.19050
118632,2024-07-31,99.03800
118632,2024-07-30,98.68020
118632,2024-07-29,98.48390
118632,2024-07-26,98.31110
118632,2024-07-25,96.73230
118632,2024-07-24,96.76170
118632,2024-07-23,96.54450
118632,2024-07-22,96.70130
118632,2024-07-19,96.40900
118632,2024-07-18,97.70550
118632,2024-07-16,97.47130
118632,2024-07-15,97.76710
118632,2024-07-12,97.37850
118632,2024-07-11,97.09600
118632,2024-07-10,96.98450
118632,2024-07-09,97.33110
118632,2024-07-08,96.86470
118632,2024-07-05,96.82970
118632,2024-07-04,96.66880
118632,2024-07-03,96.39880
118632,2024-07-02,95.58240
118632,2024-07-01,95.69960
118632,2024-06-28,94.94160
118632,2024-06-27,95.12370
118632,2024-06-26,94.64300
118632,2024-06-25,94.38140
118632,2024-06-24,93.73920
118632,2024-06-21,93.55370
118632,2024-06-20,93.87530
118632,2024-06-19,93.58490
118632,2024-06-18,93.80300
118632,2024-06-14,93.65670
118632,2024-06-13,93.04000
118632,2024-06-12,92.56120
118632,2024-06-11,92.12060
118632,2024-06-10,92.00970
118632,2024-06-07,91.85620
118632,2024-06-06,90.12670
118632,2024-06-05,89.11720
118632,2024-06-04,86.30420
118632,2024-06-03,92.42710
118632,2024-05-31,89.44810
118632,2024-05-30,88.99330
118632,2024-05-29,89.65030
118632,2024-05-28,90.42020
118632,2024-05-27,90.78770
118632,2024-05-24,90.91400
118632,2024-05-23,90.95720
118632,2024-05-22,89.86400
118632,2024-05-21,89.50670
118632,2024-05-17,89.12560
118632,2024-05-16,88.72590
118632,2024-05-15,87.83770
118632,2024-05-14,87.62740
118632,2024-05-13,87.17400
118632,2024-05-10,86.98910
118632,2024-05-09,86.35470
118632,2024-05-08,87.90400
118632,2024-05-07,87.75610
118632,2024-05-06,88.33160
118632,2024-05-03,88.73900
118632,2024-05-02,89.32460
118632,2024-04-30,89.09260
118632,2024-04-29,89.08300
118632,2024-04-26,88.16580
118632,2024-04-25,88.61250
118632,2024-04-24,87.73080
118632,2024-04-23,87.56550
118632,2024-04-22,87.41540
118632,2024-04-19,86.57410
118632,2024-04-18,85.95440
118632,2024-04-16,86.48440
118632,2024-04-15,86.73510
118632,2024-04-12,87.87480
118632,2024-04-10,88.64870
118632,2024-04-09,88.36090
118632,2024-04-08,88.42120
118632,2024-04-05,87.86560
118632,2024-04-04,87.58460
118632,2024-04-03,87.35910
118632,2024-04-02,87.16710
118632,2024-04-01,87.14470
118632,2024-03-31,86.23240
118632,2024-03-28,86.23560
118632,2024-03-27,85.40680
118632,2024-03-26,85.02020
118632,2024-03-22,84.85350
118632,2024-03-21,84.45610
118632,2024-03-20,83.35380
118632,2024-03-19,83.16390
118632,2024-03-18,83.98510
118632,2024-03-15,83.69020
118632,2024-03-14,84.05680
118632,2024-03-13,83.42000
118632,2024-03-12,85.10580
118632,2024-03-11,85.43840
118632,2024-03-07,86.24290
118632,2024-03-06,85.81000
118632,2024-03-05,85.85360
118632,2024-03-04,85.83890
118632,2024-03-01,85.37180
118632,2024-02-29,84.05690
118632,2024-02-28,83.62310
118632,2024-02-27,84.55430
118632,2024-02-26,84.48020
118632,2024-02-23,84.67450
118632,2024-02-22,84.47390
118632,2024-02-21,83.75970
118632,2024-02-20,84.06110
118632,2024-02-19,83.70030
118632,2024-02-16,83.54780
118632,2024-02-15,83.15570
118632,2024-02-14,82.84330
118632,2024-02-13,82.18780
118632,2024-02-12,81.62870
118632,2024-02-09,82.87520
118632,2024-02-08,82.58970
118632,2024-02-07,83.03130
118632,2024-02-06,82.27200
118632,2024-02-05,81.54160
118632,2024-02-02,81.78410
118632,2024-02-01,81.39170
118632,2024-01-31,81.51480
118632,2024-01-30,80.78130
118632,2024-01-29,81.47800
118632,2024-01-25,80.12330
118632,2024-01-24,80.30790
118632,2024-01-23,79.30970
118632,2024-01-19,81.05210
118632,2024-01-18,80.24850
118632,2024-01-17,80.47610
118632,2024-01-16,82.05350
118632,2024-01-15,82.24570
118632,2024-01-12,81.77450
118632,2024-01-11,81.13640
118632,2024-01-10,80.85020
118632,2024-01-09,80.61450
118632,2024-01-08,80.37280
118632,2024-01-05,81.05900
118632,2024-01-04,80.92620
118632,2024-01-03,80.13180
118632,2024-01-02,80.35850
118632,2024-01-01,80.38770
118632,2023-12-29,80.21430
118632,2023-12-28,80.05700
118632,2023-12-27,79.61450
118632,2023-12-26,78.93120
118632,2023-12-22,78.73630
118632,2023-12-21,78.43130
118632,2023-12-20,77.87400
118632,2023-12-19,79.60310
118632,2023-12-18,79.49040
118632,2023-12-15,79.42300
118632,2023-12-14,78.55520
118632,2023-12-13,77.74740
118632,2023-12-12,77.33490
118632,2023-12-11,77.58400
118632,2023-12-08,77.25760
118632,2023-12-07,77.10940
118632,2023-12-06,76.77910
118632,2023-12-05,76.36520
118632,2023-12-04,76.02970
118632,2023-12-01,74.70300
118632,2023-11-30,73.96780
118632,2023-11-29,73.72590
118632,2023-11-28,73.07920
118632,2023-11-24,72.66770
118632,2023-11-23,72.66590
118632,2023-11-22,72.62290
118632,2023-11-21,72.70490
118632,2023-11-20,72.46750
118632,2023-11-17,72.55600
118632,2023-11-16,72.74960
118632,2023-11-15,72.47390
118632,2023-11-13,71.90870
118632,2023-11-10,71.69760
118632,2023-11-09,71.62230
118632,2023-11-08,71.85820
118632,2023-11-07,71.69200
118632,2023-11-06,71.67170
118632,2023-11-03,70.99840
118632,2023-11-02,70.51270
118632,2023-11-01,69.88430
118632,2023-10-31,70.10220
118632,2023-10-30,70.20940
118632,2023-10-27,70.03430
118632,2023-10-26,69.21510
118632,2023-10-25,70.01110
118632,2023-10-23,70.51590
118632,2023-10-20,71.70260
118632,2023-10-19,72.21820
118632,2023-10-18,72.39490
118632,2023-10-17,73.02380
118632,2023-10-16,72.72530
118632,2023-10-13,72.60090
118632,2023-10-12,72.82060
118632,2023-10-11,72.63580
118632,2023-10-10,72.25010
118632,2023-10-09,71.52300
118632,2023-10-06,72.26660
118632,2023-10-05,71.86910
118632,2023-10-04,71.48280
118632,2023-10-03,72.15800
118632,2023-09-29,72.27250
118632,2023-09-27,72.24870
118632,2023-09-26,71.99230
118632,2023-09-25,71.89460
118632,2023-09-22,72.01960
118632,2023-09-21,72.04630
118632,2023-09-20,72.77310
118632,2023-09-18,73.46810
118632,2023-09-15,73.61580
118632,2023-09-14,73.38080
118632,2023-09-13,73.14410
118632,2023-09-12,73.00490
118632,2023-09-11,73.72560
118632,2023-09-08,73.11250
118632,2023-09-07,72.61740
118632,2023-09-06,72.04600
118632,2023-09-05,71.88020
118632,2023-09-04,71.71700
118632,2023-09-01,71.36640
118632,2023-08-31,70.72760
118632,2023-08-30,70.90190
118632,2023-08-29,70.61850
118632,2023-08-28,70.44550
118632,2023-08-25,70.22940
118632,2023-08-24,70.85940
118632,2023-08-23,70.94200
118632,2023-08-22,70.57860
118632,2023-08-21,70.28400
118632,2023-08-18,69.93310
118632,2023-08-17,70.07850
118632,2023-08-16,70.29730
118632,2023-08-14,70.11000
118632,2023-08-11,70.33000
118632,2023-08-10,70.54980
118632,2023-08-09,70.68520
118632,2023-08-08,70.25740
118632,2023-08-07,70.24920
118632,2023-08-04,70.06450
118632,2023-08-03,69.54710
118632,2023-08-02,69.91060
118632,2023-08-01,70.83980
118632,2023-07-31,70.81070
118632,2023-07-28,70.37680
118632,2023-07-27,70.16860
118632,2023-07-26,70.41410
118632,2023-07-25,70.14930
118632,2023-07-24,70.00570
118632,2023-07-21,70.08010
118632,2023-07-20,70.53030
118632,2023-07-19,70.08350
118632,2023-07-18,69.62200
118632,2023-07-17,69.64520
118632,2023-07-14,69.10920
118632,2023-07-13,68.61280
118632,2023-07-12,68.70790
118632,2023-07-11,68.66730
118632,2023-07-10,68.22290
118632,2023-07-07,68.20280
118632,2023-07-06,68.58850
118632,2023-07-05,68.23100
118632,2023-07-04,68.09200
118632,2023-07-03,68.02110
118632,2023-06-30,67.55520
118632,2023-06-28,66.82200
118632,2023-06-27,66.25750
118632,2023-06-26,65.76730
118632,2023-06-23,65.61570
118632,2023-06-22,66.07670
118632,2023-06-21,66.57740
118632,2023-06-20,66.52800
118632,2023-06-19,66.21770
118632,2023-06-16,66.40950
118632,2023-06-15,65.85560
118632,2023-06-14,66.11790
118632,2023-06-13,66.04580
118632,2023-06-12,65.53780
118632,2023-06-09,65.35660
118632,2023-06-08,65.51020
118632,2023-06-07,65.82090
118632,2023-06-06,65.25440
118632,2023-06-05,65.15360
118632,2023-06-02,64.87090
118632,2023-06-01,64.62000
118632,2023-05-31,64.67050
118632,2023-05-30,64.77990
118632,2023-05-29,64.53600
118632,2023-05-26,64.26310
118632,2023-05-25,63.58850
118632,2023-05-24,63.38530
118632,2023-05-23,63.47990
118632,2023-05-22,63.44050
118632,2023-05-19,63.41900
118632,2023-05-18,63.31710
118632,2023-05-17,63.35430
118632,2023-05-16,63.52840
118632,2023-05-15,63.65710
118632,2023-05-12,63.28100
118632,2023-05-11,63.22040
118632,2023-05-10,63.19040
118632,2023-05-09,62.99790
118632,2023-05-08,63.04190
118632,2023-05-05,62.23300
118632,2023-05-04,62.69080
118632,2023-05-03,62.16950
118632,2023-05-02,62.20820
118632,2023-04-28,61.83780
118632,2023-04-27,61.20760
118632,2023-04-26,60.86360
118632,2023-04-25,60.59320
118632,2023-04-24,60.45130
118632,2023-04-21,60.03480
118632,2023-04-20,60.06650
118632,2023-04-19,59.98730
118632,2023-04-18,60.09990
118632,2023-04-17,60.16190
118632,2023-04-13,60.36090
118632,2023-04-12,60.32050
118632,2023-04-11,60.07530
118632,2023-04-10,59.90270
118632,2023-04-06,59.83190
118632,2023-04-05,59.67060
118632,2023-04-03,59.19360
118632,2023-03-31,59.05530
118632,2023-03-29,58.15410
118632,2023-03-28,57.62870
118632,2023-03-27,57.70580
118632,2023-03-24,57.78850
118632,2023-03-23,58.29790
118632,2023-03-22,58.52990
118632,2023-03-21,58.39860
118632,2023-03-20,57.91340
118632,2023-03-17,58.37140
118632,2023-03-16,58.00080
118632,2023-03-15,57.90360
118632,2023-03-14,58.15640
118632,2023-03-13,58.40310
118632,2023-03-10,59.34200
118632,2023-03-09,59.88040
118632,2023-03-08,60.26200
118632,2023-03-06,59.95730
118632,2023-03-03,59.61320
118632,2023-03-02,58.80320
118632,2023-03-01,59.13520
118632,2023-02-28,58.63030
118632,2023-02-27,58.82670
118632,2023-02-24,59.11050
118632,2023-02-23,59.30360
118632,2023-02-22,59.26410
118632,2023-02-21,60.13180
118632,2023-02-20,60.15570
118632,2023-02-17,60.36540
118632,2023-02-16,60.60470
118632,2023-02-15,60.56210
118632,2023-02-14,60.30020
118632,2023-02-13,59.94030
118632,2023-02-10,60.22590
118632,2023-02-09,60.27390
118632,2023-02-08,60.18860
118632,2023-02-07,59.78850
118632,2023-02-06,59.97180
118632,2023-02-03,60.07870
118632,2023-02-02,59.45910
118632,2023-02-01,59.41790
118632,2023-01-31,59.33000
118632,2023-01-30,58.95420
118632,2023-01-27,58.87040
118632,2023-01-25,59.70490
118632,2023-01-24,60.64720
118632,2023-01-23,60.68050
118632,2023-01-20,60.37140
118632,2023-01-19,60.54590
118632,2023-01-18,60.58310
118632,2023-01-17,60.21450
118632,2023-01-16,59.86480
118632,2023-01-13,60.09270
118632,2023-01-12,59.90490
118632,2023-01-11,59.97850
118632,2023-01-10,59.92860
118632,2023-01-09,60.35550
118632,2023-01-06,59.62990
118632,2023-01-05,59.90270
118632,2023-01-04,59.94200
118632,2023-01-03,60.63080
118632,2023-01-02,60.53290
118632,2022-12-30,60.20660
118632,2022-12-29,60.34230
118632,2022-12-28,60.24110
118632,2022-12-27,60.15910
118632,2022-12-26,59.73940
118632,2022-12-23,58.70860
118632,2022-12-22,59.94580
118632,2022-12-21,60.37150
118632,2022-12-20,61.17080
118632,2022-12-19,61.38390
118632,2022-12-16,60.97430
118632,2022-12-15,61.53090
118632,2022-12-14,62.21390
118632,2022-12-13,61.95660
118632,2022-12-12,61.76560
118632,2022-12-09,61.59930
118632,2022-12-08,61.96500
118632,2022-12-07,61.64930
118632,2022-12-06,61.73690
118632,2022-12-05,61.94120
118632,2022-12-02,61.95670
118632,2022-12-01,62.19390
118632,2022-11-30,62.00740
118632,2022-11-29,61.54720
118632,2022-11-28,61.47370
118632,2022-11-25,61.36140
118632,2022-11-24,61.09130
118632,2022-11-23,60.39640
118632,2022-11-22,60.29460
118632,2022-11-21,60.00890
118632,2022-11-18,60.40630
118632,2022-11-17,60.69650
118632,2022-11-16,60.90490
118632,2022-11-15,60.99130
118632,2022-11-14,60.81770
118632,2022-11-11,61.03100
118632,2022-11-10,60.16950
118632,2022-11-09,60.65810
118632,2022-11-07,60.77990
118632,2022-11-04,60.35650
118632,2022-11-03,60.34160
118632,2022-11-02,60.46810
118632,2022-11-01,60.48320
118632,2022-10-31,60.09290
118632,2022-10-28,59.33510
118632,2022-10-27,59.47580
118632,2022-10-25,59.19570
118632,2022-10-21,58.77790
118632,2022-10-20,58.91490
118632,2022-10-19,58.88040
118632,2022-10-18,58.79430
118632,2022-10-17,58.07790
118632,2022-10-14,57.69030
118632,2022-10-13,57.30170
118632,2022-10-12,57.76000
118632,2022-10-11,57.24070
118632,2022-10-10,58.01590
118632,2022-10-07,58.37470
118632,2022-10-06,58.40780
118632,2022-10-04,58.07730
118632,2022-10-03,56.80060
118632,2022-09-30,57.29550
118632,2022-09-29,56.36870
118632,2022-09-28,56.30030
118632,2022-09-27,56.86730
118632,2022-09-26,56.79170
118632,2022-09-23,58.04240
118632,2022-09-22,59.08470
118632,2022-09-21,59.30530
118632,2022-09-20,59.49540
118632,2022-09-19,58.84680
118632,2022-09-16,58.54080
118632,2022-09-15,59.82140
118632,2022-09-14,59.96780
118632,2022-09-13,60.01680
118632,2022-09-12,59.52750
118632,2022-09-09,59.22610
118632,2022-09-08,59.14300
118632,2022-09-07,58.71600
118632,2022-09-06,58.70720
118632,2022-09-05,58.82580
118632,2022-09-02,58.34720
118632,2022-09-01,58.11660
118632,2022-08-30,58.38730
118632,2022-08-29,57.02990
118632,2022-08-26,57.83500
118632,2022-08-25,57.67110
118632,2022-08-24,57.87010
118632,2022-08-23,57.67260
118632,2022-08-22,57.30500
118632,2022-08-19,58.11300
118632,2022-08-18,58.86930
118632,2022-08-17,58.83830
118632,2022-08-16,58.45530
118632,2022-08-12,57.88350
118632,2022-08-11,57.75470
118632,2022-08-10,57.14100
118632,2022-08-08,57.11910
118632,2022-08-05,56.69690
118632,2022-08-04,56.67340
118632,2022-08-03,56.74170
118632,2022-08-02,56.74890
118632,2022-08-01,56.69400
118632,2022-07-29,56.06890
118632,2022-07-28,55.54480
118632,2022-07-27,54.72230
118632,2022-07-26,54.17380
118632,2022-07-25,54.65530
118632,2022-07-22,54.70100
118632,2022-07-21,54.43280
118632,2022-07-20,53.95250
118632,2022-07-19,53.38690
118632,2022-07-18,53.16270
118632,2022-07-15,52.45600
118632,2022-07-14,52.15860
118632,2022-07-13,52.38340
118632,2022-07-12,52.59950
118632,2022-07-11,53.10470
118632,2022-07-08,53.08550
118632,2022-07-07,52.81200
118632,2022-07-06,52.18070
118632,2022-07-05,51.55800
118632,2022-07-04,51.58910
118632,2022-07-01,51.06200
118632,2022-06-30,50.81610
118632,2022-06-29,50.96960
118632,2022-06-28,51.10040
118632,2022-06-27,50.89400
118632,2022-06-24,50.39560
118632,2022-06-23,49.92490
118632,2022-06-22,49.33730
118632,2022-06-21,50.04410
118632,2022-06-20,48.83100
118632,2022-06-17,48.87040
118632,2022-06-16,49.06560
118632,2022-06-15,50.19850
118632,2022-06-14,50.19110
118632,2022-06-13,50.24440
118632,2022-06-10,51.62310
118632,2022-06-09,52.31770
118632,2022-06-08,52.13420
118632,2022-06-07,52.19240
118632,2022-06-06,52.57360
118632,2022-06-03,52.71320
118632,2022-06-02,53.01680
118632,2022-06-01,52.89580
118632,2022-05-31,52.91280
118632,2022-05-30,52.96360
118632,2022-05-27,51.84610
118632,2022-05-26,51.16830
118632,2022-05-25,50.60710
118632,2022-05-24,51.01280
118632,2022-05-23,51.21030
118632,2022-05-20,51.38770
118632,2022-05-19,50.06080
118632,2022-05-18,51.34800
118632,2022-05-17,51.62280
118632,2022-05-16,50.34520
118632,2022-05-13,50.07510
118632,2022-05-12,50.20570
118632,2022-05-11,51.18510
118632,2022-05-10,51.44110
118632,2022-05-09,51.74560
118632,2022-05-06,52.15220
118632,2022-05-05,52.86480
118632,2022-05-04,52.71600
118632,2022-05-02,53.98040
118632,2022-04-29,54.03450
118632,2022-04-28,54.44900
118632,2022-04-27,53.75660
118632,2022-04-26,54.14080
118632,2022-04-25,53.43280
118632,2022-04-22,54.24670
118632,2022-04-21,54.81440
118632,2022-04-20,54.11330
118632,2022-04-19,53.90440
118632,2022-04-18,54.70580
118632,2022-04-13,55.63300
118632,2022-04-12,55.67510
118632,2022-04-11,56.21160
118632,2022-04-08,56.56180
118632,2022-04-07,56.10150
118632,2022-04-06,56.46940
118632,2022-04-05,56.58480
118632,2022-04-04,56.83260
118632,2022-04-01,55.71510
118632,2022-03-31,54.95900
118632,2022-03-30,55.02120
118632,2022-03-29,54.52270
118632,2022-03-28,54.10120
118632,2022-03-25,53.82670
118632,2022-03-24,53.93040
118632,2022-03-23,53.95230
118632,2022-03-22,53.97730
118632,2022-03-21,53.36530
118632,2022-03-17,53.90740
118632,2022-03-16,53.15440
118632,2022-03-15,52.17630
118632,2022-03-14,52.66590
118632,2022-03-11,51.91610
118632,2022-03-10,51.76750
118632,2022-03-09,51.16260
118632,2022-03-08,50.10750
118632,2022-03-07,49.41980
118632,2022-03-04,50.52310
118632,2022-03-03,51.25700
118632,2022-03-02,51.49790
118632,2022-02-28,52.12610
118632,2022-02-25,51.92450
118632,2022-02-24,50.51030
118632,2022-02-23,53.11290
118632,2022-02-22,53.18450
118632,2022-02-21,53.74330
118632,2022-02-18,53.95360
118632,2022-02-17,54.05680
118632,2022-02-16,54.12800
118632,2022-02-15,54.24580
118632,2022-02-14,52.66860
118632,2022-02-11,54.59170
118632,2022-02-10,55.41490
118632,2022-02-09,55.04120
118632,2022-02-08,54.50860
118632,2022-02-07,54.50470
118632,2022-02-04,55.29950
118632,2022-02-03,55.54400
118632,2022-02-02,56.00010
118632,2022-02-01,55.37350
118632,2022-01-31,54.74580
118632,2022-01-28,53.77490
118632,2022-01-27,53.70110
118632,2022-01-25,54.05770
118632,2022-01-24,53.14660
118632,2022-01-21,54.65600
118632,2022-01-20,55.24120
118632,2022-01-19,55.61330
118632,2022-01-18,55.91550
118632,2022-01-17,56.55810
118632,2022-01-14,56.62800
118632,2022-01-13,56.55210
118632,2022-01-12,56.42000
118632,2022-01-11,55.77810
118632,2022-01-10,55.54180
118632,2022-01-07,54.88750
118632,2022-01-06,54.83310
118632,2022-01-05,55.14800
118632,2022-01-04,54.91540
118632,2022-01-03,54.39910
118632,2021-12-31,53.61050
118632,2021-12-30,53.10150
118632,2021-12-29,53.13470
118632,2021-12-28,53.24260
118632,2021-12-27,52.70890
118632,2021-12-24,52.58800
118632,2021-12-23,52.83440
118632,2021-12-22,52.59140
118632,2021-12-21,51.96210
118632,2021-12-20,51.41840
118632,2021-12-17,52.75350
118632,2021-12-16,53.68260
118632,2021-12-15,53.81860
118632,2021-12-14,54.10710
118632,2021-12-13,54.28160
118632,2021-12-10,54.56160
118632,2021-12-09,54.55850
118632,2021-12-08,54.38110
118632,2021-12-07,53.42810
118632,2021-12-06,52.56570
118632,2021-12-03,53.39900
118632,2021-12-02,53.76380
118632,2021-12-01,53.22620
118632,2021-11-30,52.61690
118632,2021-11-29,52.74080
118632,2021-11-26,52.95810
118632,2021-11-25,54.86380
118632,2021-11-24,54.58540
118632,2021-11-23,54.70640
118632,2021-11-22,54.04950
118632,2021-11-18,55.19570
118632,2021-11-17,55.78980
118632,2021-11-16,56.04450
118632,2021-11-15,56.52210
118632,2021-11-12,56.65460
118632,2021-11-11,56.03980
118632,2021-11-10,56.47310
118632,2021-11-09,56.55420
118632,2021-11-08,56.38170
118632,2021-11-03,55.57280
118632,2021-11-02,55.70950
118632,2021-11-01,55.64640
118632,2021-10-29,54.54790
118632,2021-10-28,55.06760
118632,2021-10-27,56.19180
118632,2021-10-26,56.31500
118632,2021-10-25,55.90120
118632,2021-10-22,55.93660
118632,2021-10-21,56.20270
118632,2021-10-20,56.34760
118632,2021-10-19,56.49370
118632,2021-10-18,57.04700
118632,2021-10-14,56.86220
118632,2021-10-13,56.27550
118632,2021-10-12,55.70140
118632,2021-10-11,55.65080
118632,2021-10-08,55.33130
118632,2021-10-07,55.10580
118632,2021-10-06,54.56930
118632,2021-10-05,55.24620
118632,2021-10-04,54.75660
118632,2021-10-01,53.99890
118632,2021-09-30,54.23000
118632,2021-09-29,54.34900
118632,2021-09-28,54.13760
118632,2021-09-27,54.58390
118632,2021-09-24,54.46810
118632,2021-09-23,54.59140
118632,2021-09-22,53.84150
118632,2021-09-21,53.58570
118632,2021-09-20,53.14630
118632,2021-09-17,53.71790
118632,2021-09-16,54.06560
118632,2021-09-15,53.71010
118632,2021-09-14,53.02320
118632,2021-09-13,52.89520
118632,2021-09-09,52.93060
118632,2021-09-08,52.69580
118632,2021-09-07,52.62170
118632,2021-09-06,52.67460
118632,2021-09-03,52.62630
118632,2021-09-02,52.49570
118632,2021-09-01,52.06830
118632,2021-08-31,52.08160
118632,2021-08-30,51.42780
118632,2021-08-27,50.65950
118632,2021-08-26,50.35020
118632,2021-08-25,50.39780
118632,2021-08-24,50.28080
118632,2021-08-23,49.83300
118632,2021-08-20,49.69610
118632,2021-08-18,50.33970
118632,2021-08-17,50.50740
118632,2021-08-16,50.51760
118632,2021-08-13,50.45980
118632,2021-08-12,49.98210
118632,2021-08-11,49.60930
118632,2021-08-10,49.46440
118632,2021-08-09,49.52660
118632,2021-08-06,49.63750
118632,2021-08-05,49.85860
118632,2021-08-04,49.78870
118632,2021-08-03,49.58360
118632,2021-08-02,48.88430
118632,2021-07-30,48.63920
118632,2021-07-29,48.68440
118632,2021-07-28,48.28160
118632,2021-07-27,48.23480
118632,2021-07-26,48.33770
118632,2021-07-23,48.26210
118632,2021-07-22,48.08850
118632,2021-07-20,47.51100
118632,2021-07-19,48.17440
118632,2021-07-16,48.56070
118632,2021-07-15,48.54730
118632,2021-07-14,48.30710
118632,2021-07-13,48.15850
118632,2021-07-12,47.75750
118632,2021-07-09,47.78580
118632,2021-07-08,47.84420
118632,2021-07-07,48.28580
118632,2021-07-06,47.99850
118632,2021-07-05,48.08700
118632,2021-07-02,47.68780
118632,2021-07-01,47.52350
118632,2021-06-30,47.63830
118632,2021-06-29,47.70990
118632,2021-06-28,47.83690
118632,2021-06-25,47.99710
118632,2021-06-24,47.54910
118632,2021-06-23,47.26070
118632,2021-06-22,47.55900
118632,2021-06-21,47.47090
118632,2021-06-18,47.19730
118632,2021-06-17,47.39490
118632,2021-06-16,47.72560
118632,2021-06-15,47.98970
118632,2021-06-14,47.80370
118632,2021-06-11,47.76550
118632,2021-06-10,47.67110
118632,2021-06-09,47.26110
118632,2021-06-08,47.49810
118632,2021-06-07,47.51310
118632,2021-06-04,47.25400
118632,2021-06-03,47.26870
118632,2021-06-02,47.01190
118632,2021-06-01,46.86150
118632,2021-05-31,46.90400
118632,2021-05-28,46.39050
118632,2021-05-27,46.28780
118632,2021-05-26,46.10050
118632,2021-05-25,45.93450
118632,2021-05-24,45.87810
118632,2021-05-21,45.62850
118632,2021-05-20,44.78480
118632,2021-05-19,45.09590
118632,2021-05-18,45.17870
118632,2021-05-17,44.77970
118632,2021-05-14,44.06480
118632,2021-05-12,44.30890
118632,2021-05-11,44.67150
118632,2021-05-10,44.63950
118632,2021-05-07,44.21390
118632,2021-05-06,43.84580
118632,2021-05-05,43.56660
118632,2021-05-04,43.16540
118632,2021-05-03,43.50250
118632,2021-04-30,43.37000
118632,2021-04-29,43.88010
118632,2021-04-28,43.92910
118632,2021-04-27,43.35060
118632,2021-04-26,42.79730
118632,2021-04-23,42.36590
118632,2021-04-22,42.40380
118632,2021-04-20,42.02530
118632,2021-04-19,42.08380
118632,2021-04-16,42.88010
118632,2021-04-15,42.75980
118632,2021-04-13,42.59520
118632,2021-04-12,41.98810
118632,2021-04-09,43.85310
118632,2021-04-08,44.00460
118632,2021-04-07,43.97860
118632,2021-04-06,43.57470
118632,2021-04-05,43.51120
118632,2021-04-01,44.23700
118632,2021-03-31,43.58070
118632,2021-03-30,43.77820
118632,2021-03-26,42.99670
118632,2021-03-25,42.39030
118632,2021-03-24,43.00840
118632,2021-03-23,43.94310
118632,2021-03-22,43.79080
118632,2021-03-19,43.76290
118632,2021-03-18,43.28200
118632,2021-03-17,43.87600
118632,2021-03-16,44.68180
118632,2021-03-15,44.79140
118632,2021-03-12,44.99610
118632,2021-03-10,45.42370
118632,2021-03-09,45.19290
118632,2021-03-08,45.25910
118632,2021-03-05,44.85320
118632,2021-03-04,45.56400
118632,2021-03-03,46.00630
118632,2021-03-02,45.13080
118632,2021-03-01,44.63620
118632,2021-02-26,44.11920
118632,2021-02-25,45.47130
118632,2021-02-24,44.91250
118632,2021-02-23,44.06710
118632,2021-02-22,43.74220
118632,2021-02-19,44.61580
118632,2021-02-18,45.25450
118632,2021-02-17,45.15520
118632,2021-02-16,45.07360
118632,2021-02-15,45.13940
118632,2021-02-12,44.62080
118632,2021-02-11,44.71290
118632,2021-02-10,44.50490
118632,2021-02-09,44.59080
118632,2021-02-08,44.60870
118632,2021-02-05,44.01170
118632,2021-02-04,43.74960
118632,2021-02-03,43.32420
118632,2021-02-02,42.85960
118632,2021-02-01,41.81570
118632,2021-01-29,39.92850
118632,2021-01-28,40.30960
118632,2021-01-27,40.52520
118632,2021-01-25,41.30690
118632,2021-01-22,41.77350
118632,2021-01-21,42.36830
118632,2021-01-20,42.69890
118632,2021-01-19,42.35290
118632,2021-01-18,41.76730
118632,2021-01-15,42.32890
118632,2021-01-14,42.74690
118632,2021-01-13,42.68920
118632,2021-01-12,42.35270
118632,2021-01-11,41.96570
118632,2021-01-08,41.64880
118632,2021-01-07,41.25610
118632,2021-01-06,41.05220
118632,2021-01-05,41.09100
118632,2021-01-04,40.98280
118632,2021-01-01,40.40050
118632,2020-12-31,40.18110
118632,2020-12-30,40.14100
118632,2020-12-29,40.09640
118632,2020-12-28,39.95540
118632,2020-12-24,39.64890
118632,2020-12-23,39.19410
118632,2020-12-22,38.52900
118632,2020-12-21,38.07940
118632,2020-12-18,39.69810
118632,2020-12-17,39.61270
118632,2020-12-16,39.56490
118632,2020-12-15,39.24380
118632,2020-12-14,39.33810
118632,2020-12-11,39.04730
118632,2020-12-10,38.86460
118632,2020-12-09,39.04370
118632,2020-12-08,38.79010
118632,2020-12-07,38.75750
118632,2020-12-04,38.24500
118632,2020-12-03,37.82100
118632,2020-12-02,37.54320
118632,2020-12-01,37.30950
118632,2020-11-27,36.78740
118632,2020-11-26,36.82860
118632,2020-11-25,36.39330
118632,2020-11-24,36.91570
118632,2020-11-23,36.58890
118632,2020-11-20,36.52210
118632,2020-11-19,36.35040
118632,2020-11-18,36.82770
118632,2020-11-17,36.57810
118632,2020-11-13,35.91690
118632,2020-11-12,35.78950
118632,2020-11-11,35.94280
118632,2020-11-10,35.53660
118632,2020-11-09,34.97660
118632,2020-11-06,34.34190
118632,2020-11-05,34.06200
118632,2020-11-04,33.34290
118632,2020-11-03,33.15250
118632,2020-11-02,32.78070
118632,2020-10-30,32.47780
118632,2020-10-29,32.50790
118632,2020-10-28,32.72270
118632,2020-10-27,33.11390
118632,2020-10-26,32.97270
118632,2020-10-23,33.58480
118632,2020-10-22,33.35290
118632,2020-10-21,33.27680
118632,2020-10-20,33.00230
118632,2020-10-19,32.94380
118632,2020-10-16,32.52030
118632,2020-10-15,32.16320
118632,2020-10-14,32.93800
118632,2020-10-13,32.90970
118632,2020-10-12,32.97110
118632,2020-10-09,33.03170
118632,2020-10-08,32.71540
118632,2020-10-07,32.58330
118632,2020-10-06,32.60010
118632,2020-10-05,32.39620
118632,2020-10-01,32.13940
118632,2020-09-30,31.70450
118632,2020-09-29,31.86950
118632,2020-09-28,32.12130
118632,2020-09-25,31.50770
118632,2020-09-24,30.66270
118632,2020-09-23,31.68720
118632,2020-09-22,31.99120
118632,2020-09-21,32.20260
118632,2020-09-18,33.19580
118632,2020-09-17,33.21610
118632,2020-09-16,33.49090
118632,2020-09-15,33.40690
118632,2020-09-14,33.13600
118632,2020-09-11,32.96390
118632,2020-09-10,32.93230
118632,2020-09-09,32.53430
118632,2020-09-08,32.82040
118632,2020-09-07,33.21360
118632,2020-09-04,33.20800
118632,2020-09-03,33.97050
118632,2020-09-02,34.09840
118632,2020-09-01,33.84740
118632,2020-08-31,33.61710
118632,2020-08-28,34.68850
118632,2020-08-27,34.31180
118632,2020-08-26,34.22360
118632,2020-08-25,34.05930
118632,2020-08-24,33.93320
118632,2020-08-21,33.75380
118632,2020-08-20,33.49680
118632,2020-08-19,33.42980
118632,2020-08-18,33.26150
118632,2020-08-17,32.88130
118632,2020-08-14,32.72960
118632,2020-08-13,33.14840
118632,2020-08-12,32.80530
118632,2020-08-11,32.65730
118632,2020-08-10,32.40450
118632,2020-08-07,31.98810
118632,2020-08-06,31.86810
118632,2020-08-05,31.62110
118632,2020-08-04,31.50380
118632,2020-08-03,31.16440
118632,2020-07-31,31.39420
118632,2020-07-30,31.34840
118632,2020-07-29,31.75870
118632,2020-07-28,31.88040
118632,2020-07-27,31.65410
118632,2020-07-24,31.96810
118632,2020-07-23,32.20360
118632,2020-07-22,31.90280
118632,2020-07-21,31.91740
118632,2020-07-20,31.52680
118632,2020-07-17,31.26840
118632,2020-07-16,30.72450
118632,2020-07-15,30.39270
118632,2020-07-14,30.50090
118632,2020-07-13,31.03470
118632,2020-07-10,30.93710
118632,2020-07-09,31.13140
118632,2020-07-08,30.91030
118632,2020-07-07,31.06310
118632,2020-07-06,31.02980
118632,2020-07-03,30.60660
118632,2020-07-02,30.42170
118632,2020-07-01,30.16760
118632,2020-06-30,29.76080
118632,2020-06-29,29.83690
118632,2020-06-26,30.37690
118632,2020-06-25,30.13460
118632,2020-06-24,30.12700
118632,2020-06-23,30.70120
118632,2020-06-22,30.26990
118632,2020-06-19,29.83420
118632,2020-06-18,29.33340
118632,2020-06-17,28.72390
118632,2020-06-16,28.73530
118632,2020-06-15,28.72420
118632,2020-06-12,29.23440
118632,2020-06-11,29.06150
118632,2020-06-10,29.79630
118632,2020-06-09,29.75980
118632,2020-06-08,30.19960
118632,2020-06-05,29.89140
118632,2020-06-04,29.07460
118632,2020-06-03,29.02460
118632,2020-06-02,28.84510
118632,2020-06-01,28.61790
118632,2020-05-29,27.81110
118632,2020-05-28,27.37930
118632,2020-05-27,26.88460
118632,2020-05-26,26.20280
118632,2020-05-22,26.25030
118632,2020-05-21,26.58250
118632,2020-05-20,26.28350
118632,2020-05-19,25.79620
118632,2020-05-18,25.66050
118632,2020-05-15,26.75700
118632,2020-05-14,26.82480
118632,2020-05-13,27.36140
118632,2020-05-12,26.76750
118632,2020-05-11,26.71180
118632,2020-05-08,26.74450
118632,2020-05-07,26.87110
118632,2020-05-06,27.16510
118632,2020-05-05,27.15400
118632,2020-05-04,27.49900
118632,2020-04-30,29.07720
118632,2020-04-29,28.12320
118632,2020-04-28,27.58410
118632,2020-04-27,27.45450
118632,2020-04-24,27.23580
118632,2020-04-23,27.73760
118632,2020-04-22,27.60740
118632,2020-04-21,27.36480
118632,2020-04-20,28.29580
118632,2020-04-17,28.25970
118632,2020-04-16,27.51780
118632,2020-04-15,27.19640
118632,2020-04-13,27.10910
118632,2020-04-09,27.20960
118632,2020-04-08,26.20990
118632,2020-04-07,26.11170
118632,2020-04-03,24.39400
118632,2020-04-01,24.83600
118632,2020-03-31,25.77540
118632,2020-03-30,24.72200
118632,2020-03-27,25.65790
118632,2020-03-26,25.76110
118632,2020-03-25,24.84440
118632,2020-03-24,23.84390
118632,2020-03-23,23.46730
118632,2020-03-20,26.95880
118632,2020-03-19,25.88410
118632,2020-03-18,26.71130
118632,2020-03-17,27.91350
118632,2020-03-16,28.54560
118632,2020-03-13,30.55890
118632,2020-03-12,29.12420
118632,2020-03-11,32.00670
118632,2020-03-09,32.39640
118632,2020-03-06,33.89750
118632,2020-03-05,34.79650
118632,2020-03-04,34.74380
118632,2020-03-03,35.09470
118632,2020-03-02,34.52330
118632,2020-02-28,34.96350
118632,2020-02-27,36.23620
118632,2020-02-26,36.45360
118632,2020-02-25,36.85220
118632,2020-02-24,37.03100
118632,2020-02-20,37.84520
118632,2020-02-19,37.70320
118632,2020-02-18,37.37890
118632,2020-02-17,37.49530
118632,2020-02-14,37.81710
118632,2020-02-13,38.06940
118632,2020-02-12,38.11160
118632,2020-02-11,38.16140
118632,2020-02-10,37.81780
118632,2020-02-07,38.20860
118632,2020-02-06,38.20930
118632,2020-02-05,37.86230
118632,2020-02-04,37.24060
118632,2020-02-03,36.36340
118632,2020-01-31,37.63210
118632,2020-01-30,37.88840
118632,2020-01-29,38.16150
118632,2020-01-28,37.90950
118632,2020-01-27,38.12050
118632,2020-01-24,38.54930
118632,2020-01-23,38.31770
118632,2020-01-22,37.92280
118632,2020-01-21,38.09250
118632,2020-01-20,38.29130
118632,2020-01-17,38.53970
118632,2020-01-16,38.52370
118632,2020-01-15,38.52160
118632,2020-01-14,38.55460
118632,2020-01-13,38.42700
118632,2020-01-10,38.21680
118632,2020-01-09,38.06400
118632,2020-01-08,37.38860
118632,2020-01-07,37.51290
118632,2020-01-06,37.40680
118632,2020-01-03,38.27150
118632,2020-01-02,38.44830
118632,2020-01-01,37.96680
118632,2019-12-31,37.95940
118632,2019-12-30,38.13810
118632,2019-12-27,38.06820
118632,2019-12-26,37.53890
118632,2019-12-24,37.76570
118632,2019-12-23,37.89120
118632,2019-12-20,37.97280
118632,2019-12-19,37.84800
118632,2019-12-18,37.77130
118632,2019-12-17,37.81790
118632,2019-12-16,37.35590
118632,2019-12-13,37.50640
118632,2019-12-12,36.95400
118632,2019-12-11,36.56980
118632,2019-12-10,36.45520
118632,2019-12-09,36.76940
118632,2019-12-06,36.74080
118632,2019-12-05,37.21280
118632,2019-12-04,37.46980
118632,2019-12-03,37.20690
118632,2019-12-02,37.52740
118632,2019-11-29,37.62320
118632,2019-11-28,37.88330
118632,2019-11-27,37.70950
118632,2019-11-26,37.53890
118632,2019-11-25,37.71650
118632,2019-11-22,37.20190
118632,2019-11-21,37.36040
118632,2019-11-20,37.55240
118632,2019-11-19,37.40030
118632,2019-11-18,37.12660
118632,2019-11-15,36.91680
118632,2019-11-14,36.66810
118632,2019-11-13,36.69680
118632,2019-11-11,37.06390
118632,2019-11-08,36.88020
118632,2019-11-07,37.34760
118632,2019-11-06,37.39600
118632,2019-11-05,37.26770
118632,2019-11-04,37.43730
118632,2019-11-01,37.30830
118632,2019-10-31,37.23390
118632,2019-10-30,36.98240
118632,2019-10-29,36.67980
118632,2019-10-25,35.82850
118632,2019-10-24,35.62500
118632,2019-10-23,35.96250
118632,2019-10-22,35.88520
118632,2019-10-18,35.97050
118632,2019-10-17,35.69930
118632,2019-10-16,35.21730
118632,2019-10-15,35.17650
118632,2019-10-14,34.97810
118632,2019-10-11,34.86410
118632,2019-10-10,34.66150
118632,2019-10-09,35.08990
118632,2019-10-07,34.42310
118632,2019-10-04,34.72430
118632,2019-10-03,35.23300
118632,2019-10-01,35.23200
118632,2019-09-30,35.69920
118632,2019-09-27,35.89850
118632,2019-09-26,36.07980
118632,2019-09-25,35.54100
118632,2019-09-24,36.31330
118632,2019-09-23,36.56890
118632,2019-09-20,35.10500
118632,2019-09-19,33.08990
118632,2019-09-18,33.53750
118632,2019-09-17,33.35650
118632,2019-09-16,34.15750
118632,2019-09-13,34.41180
118632,2019-09-12,34.10390
118632,2019-09-11,34.18120
118632,2019-09-09,33.90530
118632,2019-09-06,33.64630
118632,2019-09-05,33.37740
118632,2019-09-04,33.19200
118632,2019-09-03,32.96840
118632,2019-08-30,33.59680
118632,2019-08-29,33.38240
118632,2019-08-28,33.71030
118632,2019-08-27,33.98020
118632,2019-08-26,33.65930
118632,2019-08-23,33.04370
118632,2019-08-22,32.77040
118632,2019-08-21,33.36190
118632,2019-08-20,33.86280
118632,2019-08-19,34.08370
118632,2019-08-16,34.05420
118632,2019-08-14,33.96390
118632,2019-08-13,33.58220
118632,2019-08-09,34.36290
118632,2019-08-08,34.28030
118632,2019-08-07,33.84660
118632,2019-08-06,34.39330
118632,2019-08-05,34.02760
118632,2019-08-02,34.46490
118632,2019-08-01,34.64880
118632,2019-07-31,35.30530
118632,2019-07-30,34.98480
118632,2019-07-29,35.58500
118632,2019-07-26,35.97040
118632,2019-07-25,35.80820
118632,2019-07-24,35.82530
118632,2019-07-23,36.20090
118632,2019-07-22,36.34640
118632,2019-07-19,36.36750
118632,2019-07-18,36.95060
118632,2019-07-17,37.50020
118632,2019-07-16,37.44580
118632,2019-07-15,37.07600
118632,2019-07-12,37.22590
118632,2019-07-11,37.21000
118632,2019-07-10,36.86280
118632,2019-07-09,37.22950
118632,2019-07-08,36.96590
118632,2019-07-05,37.89950
118632,2019-07-04,38.40890
118632,2019-07-03,38.27320
118632,2019-07-02,38.14920
118632,2019-07-01,38.12940
118632,2019-06-28,38.04320
118632,2019-06-27,38.06380
118632,2019-06-26,37.88040
118632,2019-06-25,37.59700
118632,2019-06-24,37.28180
118632,2019-06-21,37.29560
118632,2019-06-20,37.52140
118632,2019-06-19,36.90910
118632,2019-06-18,37.04310
118632,2019-06-17,36.92960
118632,2019-06-14,37.51800
118632,2019-06-13,37.81040
118632,2019-06-12,37.78240
118632,2019-06-11,37.99050
118632,2019-06-10,37.82400
118632,2019-06-07,37.75130
118632,2019-06-06,37.72420
118632,2019-06-04,38.58490
118632,2019-06-03,38.76460
118632,2019-05-31,38.55530
118632,2019-05-30,38.65570
118632,2019-05-29,38.46520
118632,2019-05-28,38.97150
118632,2019-05-27,39.08660
118632,2019-05-24,38.42860
118632,2019-05-23,37.33260
118632,2019-05-22,37.43460
118632,2019-05-21,37.30590
118632,2019-05-20,37.80090
118632,2019-05-17,36.15110
118632,2019-05-16,35.88490
118632,2019-05-15,35.55070
118632,2019-05-14,35.83030
118632,2019-05-13,35.39010
118632,2019-05-10,36.11120
118632,2019-05-09,36.10980
118632,2019-05-08,36.28780
118632,2019-05-07,36.71430
118632,2019-05-06,37.12910
118632,2019-05-03,37.39600
118632,2019-05-02,37.27020
118632,2019-04-30,37.56060
118632,2019-04-26,37.62510
118632,2019-04-25,37.23070
118632,2019-04-24,37.46770
118632,2019-04-23,37.11990
118632,2019-04-22,37.19650
118632,2019-04-18,37.72300
118632,2019-04-16,37.92690
118632,2019-04-15,37.78080
118632,2019-04-12,37.65320
118632,2019-04-11,37.43610
118632,2019-04-10,37.37800
118632,2019-04-09,37.50770
118632,2019-04-08,37.22410
118632,2019-04-05,37.51910
118632,2019-04-04,37.32020
118632,2019-04-03,37.43400
118632,2019-04-02,37.87380
118632,2019-04-01,37.73960
118632,2019-03-29,37.49490
118632,2019-03-28,37.23350
118632,2019-03-27,36.72120
118632,2019-03-26,36.77060
118632,2019-03-25,36.39790
118632,2019-03-22,36.65170
118632,2019-03-20,36.89440
118632,2019-03-19,37.04190
118632,2019-03-18,36.84200
118632,2019-03-15,36.70070
118632,2019-03-14,36.45980
118632,2019-03-13,36.47390
118632,2019-03-12,36.40040
118632,2019-03-11,36.04210
118632,2019-03-08,35.49240
118632,2019-03-07,35.59070
118632,2019-03-06,35.52010
118632,2019-03-05,35.40160
118632,2019-03-01,34.71490
118632,2019-02-28,34.34140
118632,2019-02-27,34.27670
118632,2019-02-26,34.26920
118632,2019-02-25,34.36860
118632,2019-02-22,34.23430
118632,2019-02-21,34.02800
118632,2019-02-20,33.76540
118632,2019-02-19,33.35080
118632,2019-02-18,33.22000
118632,2019-02-15,33.49740
118632,2019-02-14,33.72640
118632,2019-02-13,33.83430
118632,2019-02-12,34.07350
118632,2019-02-11,34.12410
118632,2019-02-08,34.43310
118632,2019-02-07,35.00780
118632,2019-02-06,34.87020
118632,2019-02-05,34.46630
118632,2019-02-04,34.58590
118632,2019-02-01,34.76780
118632,2019-01-31,34.85390
118632,2019-01-30,34.34060
118632,2019-01-29,34.00230
118632,2019-01-28,33.82540
118632,2019-01-25,34.39710
118632,2019-01-24,34.54760
118632,2019-01-23,34.67410
118632,2019-01-22,34.86800
118632,2019-01-21,34.86570
118632,2019-01-18,34.93640
118632,2019-01-17,35.32350
118632,2019-01-16,35.37400
118632,2019-01-15,35.36640
118632,2019-01-14,35.07260
118632,2019-01-11,35.23160
118632,2019-01-10,35.32850
118632,2019-01-09,35.23840
118632,2019-01-08,35.12670
118632,2019-01-07,34.87270
118632,2019-01-04,34.77140
118632,2019-01-03,34.51530
118632,2019-01-02,34.86370
118632,2019-01-01,35.30610
118632,2018-12-31,35.09990
118632,2018-12-28,35.03310
118632,2018-12-27,34.67620
118632,2018-12-26,34.64070
118632,2018-12-24,34.46700
118632,2018-12-21,34.70410
118632,2018-12-20,35.15210
118632,2018-12-19,35.26290
118632,2018-12-18,34.93660
118632,2018-12-17,34.80870
118632,2018-12-14,34.60990
118632,2018-12-13,34.54410
118632,2018-12-12,34.42920
118632,2018-12-11,33.71440
118632,2018-12-10,33.39580
118632,2018-12-07,33.80790
118632,2018-12-06,33.74220
118632,2018-12-05,34.18410
118632,2018-12-04,34.73410
118632,2018-12-03,34.63680
118632,2018-11-30,34.61950
118632,2018-11-29,34.59760
118632,2018-11-28,34.25060
118632,2018-11-27,34.49330
118632,2018-11-26,34.37680
118632,2018-11-22,34.18820
118632,2018-11-21,34.49150
118632,2018-11-20,34.35440
118632,2018-11-19,34.71940
118632,2018-11-16,34.64070
118632,2018-11-15,34.47930
118632,2018-11-14,34.19790
118632,2018-11-13,34.16870
118632,2018-11-12,33.93510
118632,2018-11-09,34.38110
118632,2018-11-06,34.13480
118632,2018-11-05,34.31610
118632,2018-11-02,34.39980
118632,2018-11-01,33.95840
118632,2018-10-31,33.76810
118632,2018-10-30,33.13050
118632,2018-10-29,33.09370
118632,2018-10-26,31.99370
118632,2018-10-25,32.14100
118632,2018-10-24,32.36930
118632,2018-10-23,32.04030
118632,2018-10-22,32.39550
118632,2018-10-19,32.54490
118632,2018-10-17,32.71940
118632,2018-10-16,33.29690
118632,2018-10-15,32.98680
118632,2018-10-12,32.85170
118632,2018-10-11,32.25140
118632,2018-10-10,33.02320
118632,2018-10-09,32.21680
118632,2018-10-08,32.37100
118632,2018-10-05,32.56540
118632,2018-10-04,33.57290
118632,2018-10-03,34.11880
118632,2018-10-01,34.38800
118632,2018-09-28,34.21380
118632,2018-09-27,34.51340
118632,2018-09-26,34.90640
118632,2018-09-25,34.94950
118632,2018-09-24,34.64840
118632,2018-09-21,35.39250
118632,2018-09-19,35.62030
118632,2018-09-18,35.64780
118632,2018-09-17,36.23360
118632,2018-09-14,36.61820
118632,2018-09-12,36.17580
118632,2018-09-11,35.95880
118632,2018-09-10,36.45940
118632,2018-09-07,36.85950
118632,2018-09-06,36.50360
118632,2018-09-05,36.20320
118632,2018-09-04,36.23520
118632,2018-09-03,36.73550
118632,2018-08-31,37.01720
118632,2018-08-30,36.84500
118632,2018-08-29,36.65250
118632,2018-08-28,36.50150
118632,2018-08-27,36.59610
118632,2018-08-24,36.18270
118632,2018-08-23,36.32330
118632,2018-08-21,36.29780
118632,2018-08-20,36.17800
118632,2018-08-17,35.72400
118632,2018-08-16,35.34420
118632,2018-08-14,35.39320
118632,2018-08-13,35.07870
118632,2018-08-10,35.36670
118632,2018-08-09,35.68650
118632,2018-08-08,35.49280
118632,2018-08-07,35.36740
118632,2018-08-06,35.46780
118632,2018-08-03,35.37530
118632,2018-08-02,34.98900
118632,2018-08-01,35.10890
118632,2018-07-31,35.06800
118632,2018-07-30,35.08470
118632,2018-07-27,34.87450
118632,2018-07-26,34.43580
118632,2018-07-25,34.14910
118632,2018-07-24,34.06940
118632,2018-07-23,33.63690
118632,2018-07-20,33.24840
118632,2018-07-19,33.03040
118632,2018-07-18,33.17070
118632,2018-07-17,33.29200
118632,2018-07-16,32.85520
118632,2018-07-13,33.52760
118632,2018-07-12,33.72370
118632,2018-07-11,33.61460
118632,2018-07-10,33.75150
118632,2018-07-09,33.48950
118632,2018-07-06,33.15860
118632,2018-07-05,33.10590
118632,2018-07-04,33.20670
118632,2018-07-03,33.07480
118632,2018-07-02,32.91110
118632,2018-06-29,33.06380
118632,2018-06-28,32.56680
118632,2018-06-27,32.95560
118632,2018-06-26,33.46890
118632,2018-06-25,33.49040
118632,2018-06-22,33.84150
118632,2018-06-21,33.52110
118632,2018-06-20,33.69730
118632,2018-06-19,33.64610
118632,2018-06-18,33.88590
118632,2018-06-15,33.92040
118632,2018-06-14,34.02720
118632,2018-06-13,34.12710
118632,2018-06-12,34.13870
118632,2018-06-11,33.86790
118632,2018-06-08,33.84050
118632,2018-06-07,33.71090
118632,2018-06-06,33.38700
118632,2018-06-05,32.91460
118632,2018-06-04,33.08340
118632,2018-06-01,33.35440
118632,2018-05-31,33.62070
118632,2018-05-30,33.45380
118632,2018-05-29,33.49310
118632,2018-05-28,33.58880
118632,2018-05-25,33.19790
118632,2018-05-24,32.87560
118632,2018-05-23,32.72180
118632,2018-05-22,32.98240
118632,2018-05-21,32.73780
118632,2018-05-18,33.10410
118632,2018-05-17,33.48300
118632,2018-05-16,33.50430
118632,2018-05-15,33.74840
118632,2018-05-14,33.98880
118632,2018-05-11,34.11060
118632,2018-05-10,33.95350
118632,2018-05-09,34.15150
118632,2018-05-08,34.19550
118632,2018-05-07,34.18630
118632,2018-05-04,33.82830
118632,2018-05-03,34.06080
118632,2018-05-02,34.22460
118632,2018-04-30,34.36100
118632,2018-04-27,34.13900
118632,2018-04-26,33.72070
118632,2018-04-25,33.75410
118632,2018-04-24,33.92560
118632,2018-04-23,33.85320
118632,2018-04-20,33.71630
118632,2018-04-19,33.72130
118632,2018-04-18,33.62790
118632,2018-04-17,33.69140
118632,2018-04-16,33.56680
118632,2018-04-13,33.47740
118632,2018-04-12,33.52140
118632,2018-04-11,33.48630
118632,2018-04-10,33.64160
118632,2018-04-09,33.49450
118632,2018-04-06,33.39870
118632,2018-04-05,33.29500
118632,2018-04-04,32.72410
118632,2018-04-03,33.06960
118632,2018-04-02,32.79230
118632,2018-03-28,32.47790
118632,2018-03-27,32.66020
118632,2018-03-26,32.37050
118632,2018-03-23,31.93770
118632,2018-03-22,32.32040
118632,2018-03-21,32.62300
118632,2018-03-20,32.58220
118632,2018-03-19,32.49600
118632,2018-03-16,32.92160
118632,2018-03-15,33.44660
118632,2018-03-14,33.54490
118632,2018-03-13,33.55430
118632,2018-03-12,33.40680
118632,2018-03-09,32.94890
118632,2018-03-08,33.05650
118632,2018-03-07,32.80940
118632,2018-03-06,33.24810
118632,2018-03-05,33.54890
118632,2018-03-01,33.93270
118632,2018-02-28,34.04530
118632,2018-02-27,34.17610
118632,2018-02-26,34.27370
118632,2018-02-23,33.99730
118632,2018-02-22,33.55140
118632,2018-02-21,33.68980
118632,2018-02-20,33.62530
118632,2018-02-19,33.69310
118632,2018-02-16,34.06480
118632,2018-02-15,34.35080
118632,2018-02-14,34.38770
118632,2018-02-12,34.61960
118632,2018-02-09,34.42870
118632,2018-02-08,34.70530
118632,2018-02-07,34.13100
118632,2018-02-06,34.12250
118632,2018-02-05,34.66570
118632,2018-02-02,34.79730
118632,2018-02-01,35.73580
118632,2018-01-31,35.68540
118632,2018-01-30,35.88540
118632,2018-01-29,36.07690
118632,2018-01-25,36.20220
118632,2018-01-24,36.43180
118632,2018-01-23,36.40550
118632,2018-01-22,35.98310
118632,2018-01-19,35.85350
118632,2018-01-18,35.57170
118632,2018-01-17,35.74500
118632,2018-01-16,35.30590
118632,2018-01-15,35.40000
118632,2018-01-12,35.31940
118632,2018-01-11,35.26370
118632,2018-01-10,35.17680
118632,2018-01-09,35.31170
118632,2018-01-08,35.41900
118632,2018-01-05,35.20260
118632,2018-01-04,34.96090
118632,2018-01-03,34.63330
118632,2018-01-02,34.53020
118632,2018-01-01,34.62620
118632,2017-12-29,34.79830
118632,2017-12-28,34.68460
118632,2017-12-27,34.75960
118632,2017-12-26,34.85100
118632,2017-12-22,34.70280
118632,2017-12-21,34.61260
118632,2017-12-20,34.50710
118632,2017-12-19,34.52520
118632,2017-12-18,34.28400
118632,2017-12-15,34.01920
118632,2017-12-14,33.82750
118632,2017-12-13,33.67330
118632,2017-12-12,33.88500
118632,2017-12-11,34.03290
118632,2017-12-08,33.87100
118632,2017-12-07,33.61180
118632,2017-12-06,33.16370
118632,2017-12-05,33.48910
118632,2017-12-04,33.45720
118632,2017-12-01,33.42230
118632,2017-11-30,33.78520
118632,2017-11-29,34.14140
118632,2017-11-28,34.10580
118632,2017-11-27,34.11310
118632,2017-11-24,34.02900
118632,2017-11-23,33.92460
118632,2017-11-22,33.88600
118632,2017-11-21,33.79630
118632,2017-11-20,33.64420
118632,2017-11-17,33.70370
118632,2017-11-16,33.42480
118632,2017-11-15,33.12990
118632,2017-11-14,33.30650
118632,2017-11-13,33.44650
118632,2017-11-10,33.64430
118632,2017-11-09,33.45350
118632,2017-11-08,33.42580
118632,2017-11-07,33.60050
118632,2017-11-06,33.99140
118632,2017-11-03,33.95770
118632,2017-11-02,33.84670
118632,2017-11-01,33.66330
118632,2017-10-31,33.24030
118632,2017-10-30,33.24620
118632,2017-10-27,33.05060
118632,2017-10-26,33.09160
118632,2017-10-25,32.96170
118632,2017-10-24,32.20310
118632,2017-10-23,32.00930
118632,2017-10-18,32.06210
118632,2017-10-17,32.30310
118632,2017-10-16,32.29920
118632,2017-10-13,32.10210
118632,2017-10-12,32.03010
118632,2017-10-11,31.75670
118632,2017-10-10,31.92420
118632,2017-10-09,31.83860
118632,2017-10-06,31.82480
118632,2017-10-05,31.48300
118632,2017-10-04,31.52470
118632,2017-10-03,31.40690
118632,2017-09-29,31.19890
118632,2017-09-28,31.05500
118632,2017-09-27,30.91230
118632,2017-09-26,31.46740
118632,2017-09-25,31.35250
118632,2017-09-22,31.75830
118632,2017-09-21,32.34940
118632,2017-09-20,32.38930
118632,2017-09-19,32.31930
118632,2017-09-18,32.30210
118632,2017-09-15,32.18040
118632,2017-09-14,32.22050
118632,2017-09-13,31.99190
118632,2017-09-12,32.09400
118632,2017-09-11,31.63470
118632,2017-09-08,31.42320
118632,2017-09-07,31.48770
118632,2017-09-06,31.37720
118632,2017-09-05,31.55850
118632,2017-09-04,31.43610
118632,2017-09-01,31.66910
118632,2017-08-31,31.41410
118632,2017-08-30,31.40150
118632,2017-08-29,31.10490
118632,2017-08-28,31.46220
118632,2017-08-24,31.21310
118632,2017-08-23,31.11190
118632,2017-08-22,30.79240
118632,2017-08-21,30.75480
118632,2017-08-18,31.11700
118632,2017-08-17,31.42550
118632,2017-08-16,31.42070
118632,2017-08-14,31.02020
118632,2017-08-11,30.66170
118632,2017-08-10,30.90670
118632,2017-08-09,31.24460
118632,2017-08-08,31.61790
118632,2017-08-07,31.88460
118632,2017-08-04,31.75710
118632,2017-08-03,31.67370
118632,2017-08-02,32.01170
118632,2017-08-01,32.10630
118632,2017-07-31,32.05350
118632,2017-07-28,31.82240
118632,2017-07-27,31.80260
118632,2017-07-26,31.84410
118632,2017-07-25,31.70530
118632,2017-07-24,31.66340
118632,2017-07-21,31.63640
118632,2017-07-20,31.61090
118632,2017-07-19,31.69470
118632,2017-07-18,31.45520
118632,2017-07-17,31.68830
118632,2017-07-14,31.57940
118632,2017-07-13,31.49590
118632,2017-07-12,31.25960
118632,2017-07-11,31.14320
118632,2017-07-10,31.20730
118632,2017-07-07,30.91410
118632,2017-07-06,30.91830
118632,2017-07-05,30.74530
118632,2017-07-04,30.64690
118632,2017-07-03,30.70760
118632,2017-06-30,30.46720
118632,2017-06-29,30.27740
118632,2017-06-28,30.17190
118632,2017-06-27,30.18950
118632,2017-06-23,30.45230
118632,2017-06-22,30.63260
118632,2017-06-21,30.63390
118632,2017-06-20,30.64660
118632,2017-06-19,30.63730
118632,2017-06-16,30.48800
118632,2017-06-15,30.42690
118632,2017-06-14,30.38410
118632,2017-06-13,30.40370
118632,2017-06-12,30.34470
118632,2017-06-09,30.52590
118632,2017-06-08,30.50600
118632,2017-06-07,30.40990
118632,2017-06-06,30.22900
118632,2017-06-05,30.35140
118632,2017-06-02,30.30310
118632,2017-06-01,30.13270
118632,2017-05-31,30.10170
118632,2017-05-30,29.97350
118632,2017-05-29,29.83610
118632,2017-05-26,29.96620
118632,2017-05-25,29.59000
118632,2017-05-24,29.16710
118632,2017-05-23,29.45380
118632,2017-05-22,29.76120
118632,2017-05-19,29.89710
118632,2017-05-18,29.95070
118632,2017-05-17,30.37740
118632,2017-05-16,30.33290
118632,2017-05-15,30.19350
118632,2017-05-12,29.93220
118632,2017-05-11,30.03100
118632,2017-05-10,29.95940
118632,2017-05-09,29.67650
118632,2017-05-08,29.55040
118632,2017-05-05,29.41090
118632,2017-05-04,29.61050
118632,2017-05-03,29.46670
118632,2017-05-02,29.46000
118632,2017-04-28,29.42780
118632,2017-04-27,29.43870
118632,2017-04-26,29.51730
118632,2017-04-25,29.39210
118632,2017-04-24,29.12860
118632,2017-04-21,28.80380
118632,2017-04-20,28.86300
118632,2017-04-19,28.75780
118632,2017-04-18,28.76910
118632,2017-04-17,28.97220
118632,2017-04-13,29.07910
118632,2017-04-12,29.22110
118632,2017-04-11,29.32290
118632,2017-04-10,29.03890
118632,2017-04-07,28.95000
118632,2017-04-06,28.98120
118632,2017-04-05,29.04290
118632,2017-04-03,28.91100
118632,2017-03-31,28.65330
118632,2017-03-30,28.55090
118632,2017-03-29,28.44920
118632,2017-03-28,28.32460
118632,2017-03-27,28.17390
118632,2017-03-24,28.25640
118632,2017-03-23,28.13650
118632,2017-03-22,27.89710
118632,2017-03-21,28.18440
118632,2017-03-20,28.25150
118632,2017-03-17,28.29200
118632,2017-03-16,28.29940
118632,2017-03-15,28.04990
118632,2017-03-14,27.91090
118632,2017-03-10,27.48250
118632,2017-03-09,27.47880
118632,2017-03-08,27.51820
118632,2017-03-07,27.56370
118632,2017-03-06,27.67300
118632,2017-03-03,27.48860
118632,2017-03-02,27.46850
118632,2017-03-01,27.76670
118632,2017-02-28,27.59490
118632,2017-02-27,27.55590
118632,2017-02-23,27.62760
118632,2017-02-22,27.66010
118632,2017-02-21,27.68300
118632,2017-02-20,27.55390
118632,2017-02-17,27.44760
118632,2017-02-16,27.32130
118632,2017-02-15,26.93860
118632,2017-02-14,27.14320
118632,2017-02-13,27.14100
118632,2017-02-10,27.14670
118632,2017-02-09,27.18610
118632,2017-02-08,27.07700
118632,2017-02-07,27.05820
118632,2017-02-06,27.14660
118632,2017-02-03,26.84790
118632,2017-02-02,26.82020
118632,2017-02-01,26.63480
118632,2017-01-31,26.04450
118632,2017-01-30,26.32990
118632,2017-01-27,26.37100
118632,2017-01-25,26.11450
118632,2017-01-24,25.89930
118632,2017-01-23,25.69940
118632,2017-01-20,25.57890
118632,2017-01-19,25.94110
118632,2017-01-18,25.78760
118632,2017-01-17,25.62600
118632,2017-01-16,25.68490
118632,2017-01-13,25.68320
118632,2017-01-12,25.66860
118632,2017-01-11,25.56530
118632,2017-01-10,25.33050
118632,2017-01-09,25.08590
118632,2017-01-06,25.07660
118632,2017-01-05,25.17550
118632,2017-01-04,24.98210
118632,2017-01-03,25.04890
118632,2017-01-02,24.88960
118632,2016-12-30,24.87220
118632,2016-12-29,24.60900
118632,2016-12-28,24.44050
118632,2016-12-27,24.39430
118632,2016-12-26,24.01740
118632,2016-12-23,24.36440
118632,2016-12-22,24.51110
118632,2016-12-21,24.79590
118632,2016-12-20,24.84740
118632,2016-12-19,25.07370
118632,2016-12-16,25.09340
118632,2016-12-15,25.13800
118632,2016-12-14,25.16360
118632,2016-12-13,25.30500
118632,2016-12-12,25.14390
118632,2016-12-09,25.39700
118632,2016-12-08,25.27380
118632,2016-12-07,24.86280
118632,2016-12-06,24.92970
118632,2016-12-05,24.85730
118632,2016-12-02,24.71100
118632,2016-12-01,25.04190
118632,2016-11-30,25.21210
118632,2016-11-29,24.96370
118632,2016-11-28,24.80440
118632,2016-11-25,24.84600
118632,2016-11-24,24.49250
118632,2016-11-23,24.74360
118632,2016-11-22,24.60610
118632,2016-11-21,24.38420
118632,2016-11-18,25.00700
118632,2016-11-17,25.05410
118632,2016-11-16,25.09170
118632,2016-11-15,25.13170
118632,2016-11-11,25.67140
118632,2016-11-10,26.44750
118632,2016-11-09,25.98150
118632,2016-11-08,26.17790
118632,2016-11-07,26.02670
118632,2016-11-04,25.71920
118632,2016-11-03,25.81650
118632,2016-11-02,25.98660
118632,2016-11-01,26.45560
118632,2016-10-28,26.53270
118632,2016-10-27,26.40650
118632,2016-10-26,26.54220
118632,2016-10-25,26.90490
118632,2016-10-24,26.96490
118632,2016-10-21,26.97510
118632,2016-10-20,26.96080
118632,2016-10-19,26.82890
118632,2016-10-18,26.85520
118632,2016-10-17,26.33850
118632,2016-10-14,26.45320
118632,2016-10-13,26.25040
118632,2016-10-10,26.66540
118632,2016-10-07,26.72550
118632,2016-10-06,26.71410
118632,2016-10-05,26.82870
118632,2016-10-04,26.88530
118632,2016-10-03,26.71400
118632,2016-09-30,26.29540
118632,2016-09-29,25.96730
118632,2016-09-28,26.59870
118632,2016-09-27,26.48320
118632,2016-09-26,26.53690
118632,2016-09-23,26.82410
118632,2016-09-22,26.87050
118632,2016-09-21,26.50130
118632,2016-09-20,26.55210
118632,2016-09-19,26.55520
118632,2016-09-16,26.49840
118632,2016-09-15,26.38380
118632,2016-09-14,26.39410
118632,2016-09-12,26.26240
118632,2016-09-09,26.83970
118632,2016-09-08,27.11910
118632,2016-09-07,27.12980
118632,2016-09-06,26.99590
118632,2016-09-02,26.51660
118632,2016-09-01,26.43710
118632,2016-08-31,26.45580
118632,2016-08-30,26.31240
118632,2016-08-29,25.95820
118632,2016-08-26,25.85720
118632,2016-08-25,25.91460
118632,2016-08-24,25.98410
118632,2016-08-23,25.84320
118632,2016-08-22,25.84280
118632,2016-08-19,25.98540
118632,2016-08-18,25.82910
118632,2016-08-17,25.73670
118632,2016-08-16,25.65030
118632,2016-08-12,25.54400
118632,2016-08-11,25.25490
118632,2016-08-10,25.23490
118632,2016-08-09,25.61570
118632,2016-08-08,25.70130
118632,2016-08-05,25.66110
118632,2016-08-04,25.15970
118632,2016-08-03,25.17460
118632,2016-08-02,25.41050
118632,2016-08-01,25.44830
118632,2016-07-29,25.58130
118632,2016-07-28,25.72230
118632,2016-07-27,25.58840
118632,2016-07-26,25.41650
118632,2016-07-25,25.53990
118632,2016-07-22,25.22900
118632,2016-07-21,25.10930
118632,2016-07-20,25.34080
118632,2016-07-19,25.11370
118632,2016-07-18,25.00250
118632,2016-07-15,25.08880
118632,2016-07-14,25.12440
118632,2016-07-13,24.94250
118632,2016-07-12,24.99030
118632,2016-07-11,24.77140
118632,2016-07-08,24.42770
118632,2016-07-07,24.50860
118632,2016-07-05,24.64530
118632,2016-07-04,24.76250
118632,2016-07-01,24.55170
118632,2016-06-30,24.22620
118632,2016-06-29,23.98570
118632,2016-06-28,23.71300
118632,2016-06-27,23.69540
118632,2016-06-24,23.59030
118632,2016-06-23,24.13950
118632,2016-06-22,23.95130
118632,2016-06-21,24.01850
118632,2016-06-20,24.08740
118632,2016-06-17,23.94140
118632,2016-06-16,23.86710
118632,2016-06-15,23.97780
118632,2016-06-14,23.67650
118632,2016-06-13,23.60630
118632,2016-06-10,23.78180
118632,2016-06-09,23.91390
118632,2016-06-08,24.03180
118632,2016-06-07,23.89000
118632,2016-06-06,23.63390
118632,2016-06-03,23.57550
118632,2016-06-02,23.62770
118632,2016-06-01,23.49350
118632,2016-05-31,23.52940
118632,2016-05-30,23.45290
118632,2016-05-27,23.41300
118632,2016-05-26,23.20840
118632,2016-05-25,22.76600
118632,2016-05-24,22.24770
118632,2016-05-23,22.26970
118632,2016-05-20,22.33260
118632,2016-05-19,22.44180
118632,2016-05-18,22.74960
118632,2016-05-17,22.83490
118632,2016-05-16,22.68670
118632,2016-05-13,22.72270
118632,2016-05-12,22.88370
118632,2016-05-11,22.72570
118632,2016-05-10,22.80870
118632,2016-05-09,22.75700
118632,2016-05-06,22.39960
118632,2016-05-05,22.34760
118632,2016-05-04,22.21640
118632,2016-05-03,22.45770
118632,2016-05-02,22.66770
118632,2016-04-29,22.76310
118632,2016-04-28,22.80540
118632,2016-04-27,23.21490
118632,2016-04-26,23.34730
118632,2016-04-25,23.10210
118632,2016-04-22,23.28990
118632,2016-04-21,23.22320
118632,2016-04-20,23.13500
118632,2016-04-18,23.13220
118632,2016-04-13,22.99620
118632,2016-04-12,22.61590
118632,2016-04-11,22.43420
118632,2016-04-08,22.15610
118632,2016-04-07,22.09580
118632,2016-04-06,22.27470
118632,2016-04-05,22.28470
118632,2016-04-04,22.83880
118632,2016-04-01,22.77490
118632,2016-03-31,22.73050
118632,2016-03-30,22.74690
118632,2016-03-29,22.28310
118632,2016-03-28,22.26100
118632,2016-03-23,22.59520
118632,2016-03-22,22.62100
118632,2016-03-21,22.51460
118632,2016-03-18,22.15650
118632,2016-03-17,21.88640
118632,2016-03-16,21.77420
118632,2016-03-15,21.66290
118632,2016-03-14,21.79340
118632,2016-03-11,21.67990
118632,2016-03-10,21.61540
118632,2016-03-09,21.83840
118632,2016-03-08,21.74270
118632,2016-03-04,21.82070
118632,2016-03-03,21.82930
118632,2016-03-02,21.48770
118632,2016-03-01,20.98820
118632,2016-02-29,20.32160
118632,2016-02-26,20.38220
118632,2016-02-25,20.20730
118632,2016-02-24,20.48710
118632,2016-02-23,20.70660
118632,2016-02-22,21.05770
118632,2016-02-19,20.95720
118632,2016-02-18,20.89840
118632,2016-02-17,20.73770
118632,2016-02-16,20.62540
118632,2016-02-15,21.16260
118632,2016-02-12,20.33500
118632,2016-02-11,20.56060
118632,2016-02-10,21.23450
118632,2016-02-09,21.51100
118632,2016-02-08,21.93100
118632,2016-02-05,22.12930
118632,2016-02-04,21.82020
118632,2016-02-03,21.69810
118632,2016-02-02,21.99130
118632,2016-02-01,22.31990
118632,2016-01-29,22.36230
118632,2016-01-28,22.12070
118632,2016-01-27,22.21570
118632,2016-01-25,22.18720
118632,2016-01-22,22.18030
118632,2016-01-21,21.69860
118632,2016-01-20,21.79050
118632,2016-01-19,22.19890
118632,2016-01-18,21.85770
118632,2016-01-15,22.25220
118632,2016-01-14,22.73510
118632,2016-01-13,22.97220
118632,2016-01-12,22.84660
118632,2016-01-11,23.01700
118632,2016-01-08,23.12950
118632,2016-01-07,23.02400
118632,2016-01-06,23.60760
118632,2016-01-05,23.67250
118632,2016-01-04,23.65820
118632,2016-01-01,24.15920
118632,2015-12-31,24.04690
118632,2015-12-30,23.94690
118632,2015-12-29,24.04640
118632,2015-12-28,24.03760
118632,2015-12-24,23.86640
118632,2015-12-23,23.87320
118632,2015-12-22,23.69140
118632,2015-12-21,23.77420
118632,2015-12-18,23.52990
118632,2015-12-17,23.75840
118632,2015-12-16,23.46690
118632,2015-12-15,23.35060
118632,2015-12-14,23.16110
118632,2015-12-11,23.11490
118632,2015-12-10,23.36110
118632,2015-12-09,23.18080
118632,2015-12-08,23.52170
118632,2015-12-07,23.68280
118632,2015-12-04,23.69390
118632,2015-12-03,23.88260
118632,2015-12-02,23.97630
118632,2015-12-01,24.12870
118632,2015-11-30,24.08530
118632,2015-11-27,24.06450
118632,2015-11-26,23.88730
118632,2015-11-24,23.76930
118632,2015-11-23,23.80620
118632,2015-11-20,23.77390
118632,2015-11-19,23.71520
118632,2015-11-18,23.39930
118632,2015-11-17,23.68690
118632,2015-11-16,23.64640
118632,2015-11-13,23.60230
118632,2015-11-10,23.60480
118632,2015-11-09,24.05690
118632,2015-11-06,23.94080
118632,2015-11-05,23.84870
118632,2015-11-04,24.17440
118632,2015-11-03,24.14000
118632,2015-11-02,24.00930
118632,2015-10-30,23.95880
118632,2015-10-29,23.94920
118632,2015-10-28,24.15530
118632,2015-10-27,24.43530
118632,2015-10-26,24.33380
118632,2015-10-23,24.41850
118632,2015-10-21,24.38040
118632,2015-10-20,24.46470
118632,2015-10-19,24.36980
118632,2015-10-16,24.25710
118632,2015-10-15,24.04330
118632,2015-10-14,23.82000
118632,2015-10-13,23.85870
118632,2015-10-12,23.92240
118632,2015-10-09,23.98080
118632,2015-10-08,23.85780
118632,2015-10-07,24.00020
118632,2015-10-06,23.92050
118632,2015-10-05,23.89720
118632,2015-10-01,23.44920
118632,2015-09-30,23.53710
118632,2015-09-29,23.34340
118632,2015-09-28,23.28930
118632,2015-09-24,23.52820
118632,2015-09-23,23.47820
118632,2015-09-22,23.39280
118632,2015-09-21,23.74170
118632,2015-09-18,23.76310
118632,2015-09-16,23.51210
118632,2015-09-15,23.36850
118632,2015-09-14,23.59680
118632,2015-09-11,23.37220
118632,2015-09-10,23.36130
118632,2015-09-09,23.43130
118632,2015-09-08,22.99280
118632,2015-09-07,22.62280
118632,2015-09-04,23.05440
118632,2015-09-03,23.50010
118632,2015-09-02,23.22520
118632,2015-09-01,23.47530
118632,2015-08-31,24.07810
118632,2015-08-28,24.11990
118632,2015-08-27,23.98780
118632,2015-08-26,23.60630
118632,2015-08-25,23.81350
118632,2015-08-24,23.40700
118632,2015-08-21,25.06560
118632,2015-08-20,25.25000
118632,2015-08-19,25.73710
118632,2015-08-18,25.56220
118632,2015-08-17,25.48570
118632,2015-08-14,25.51710
118632,2015-08-13,25.05860
118632,2015-08-12,24.99410
118632,2015-08-11,25.38920
118632,2015-08-10,25.59960
118632,2015-08-07,25.67530
118632,2015-08-06,25.72850
118632,2015-08-05,25.54980
118632,2015-08-04,25.36280
118632,2015-08-03,25.37430
118632,2015-07-31,25.35810
118632,2015-07-30,25.11350
118632,2015-07-29,25.03380
118632,2015-07-28,24.82130
118632,2015-07-27,24.81460
118632,2015-07-24,25.32930
118632,2015-07-23,25.62790
118632,2015-07-22,25.59730
118632,2015-07-21,25.24920
118632,2015-07-20,25.48600
118632,2015-07-17,25.51350
118632,2015-07-16,25.49210
118632,2015-07-15,25.21500
118632,2015-07-14,25.08180
118632,2015-07-13,25.12610
118632,2015-07-10,24.82980
118632,2015-07-09,24.64040
118632,2015-07-08,24.72410
118632,2015-07-07,24.98000
118632,2015-07-06,24.98900
118632,2015-07-03,24.82970
118632,2015-07-02,24.76170
118632,2015-07-01,24.68450
118632,2015-06-30,24.31720
118632,2015-06-29,24.16280
118632,2015-06-26,24.44350
118632,2015-06-25,24.44840
118632,2015-06-24,24.33740
118632,2015-06-23,24.43270
118632,2015-06-22,24.31400
118632,2015-06-19,23.98690
118632,2015-06-18,23.91820
118632,2015-06-17,23.62980
118632,2015-06-16,23.42200
118632,2015-06-15,23.33140
118632,2015-06-12,23.25410
118632,2015-06-11,23.23390
118632,2015-06-10,23.73360
118632,2015-06-09,23.40420
118632,2015-06-08,23.48000
118632,2015-06-05,23.72080
118632,2015-06-04,23.81150
118632,2015-06-03,23.72950
118632,2015-06-02,24.08430
118632,2015-06-01,24.55010
118632,2015-05-29,24.59830
118632,2015-05-28,24.30280
118632,2015-05-27,24.30840
118632,2015-05-26,24.26440
118632,2015-05-25,24.30270
118632,2015-05-22,24.44130
118632,2015-05-21,24.41880
118632,2015-05-20,24.33030
118632,2015-05-19,24.26130
118632,2015-05-18,24.23030
118632,2015-05-15,23.96060
118632,2015-05-14,23.87440
118632,2015-05-13,23.73170
118632,2015-05-12,23.37410
118632,2015-05-11,23.90450
118632,2015-05-08,23.56990
118632,2015-05-07,23.26010
118632,2015-05-06,23.48040
118632,2015-05-05,24.22510
118632,2015-05-04,24.29910
118632,2015-04-30,23.88710
118632,2015-04-29,23.95810
118632,2015-04-28,23.96040
118632,2015-04-27,23.61760
118632,2015-04-24,23.80700
118632,2015-04-23,24.12740
118632,2015-04-22,24.26230
118632,2015-04-21,24.23020
118632,2015-04-20,24.31750
118632,2015-04-17,24.74720
118632,2015-04-16,25.04570
118632,2015-04-15,25.21970
118632,2015-04-13,25.46070
118632,2015-04-10,25.43420
118632,2015-04-09,25.43550
118632,2015-04-08,25.35940
118632,2015-04-07,25.09880
118632,2015-04-06,25.13570
118632,2015-04-01,24.97740
118632,2015-03-31,24.81730
118632,2015-03-30,24.72050
118632,2015-03-27,24.28160
118632,2015-03-26,24.17440
118632,2015-03-25,24.60100
118632,2015-03-24,24.52890
118632,2015-03-23,24.60140
118632,2015-03-20,24.84570
118632,2015-03-19,25.06540
118632,2015-03-18,25.18680
118632,2015-03-17,25.26140
118632,2015-03-16,24.99660
118632,2015-03-13,24.99850
118632,2015-03-12,25.42920
118632,2015-03-11,25.16910
118632,2015-03-10,25.27270
118632,2015-03-09,25.36530
118632,2015-03-05,25.78570
118632,2015-03-04,25.76620
118632,2015-03-03,25.88210
118632,2015-03-02,25.81130
118632,2015-02-27,25.19220
118632,2015-02-26,24.70070
118632,2015-02-25,25.06470
118632,2015-02-24,25.05510
118632,2015-02-23,25.10010
118632,2015-02-20,25.34860
118632,2015-02-19,25.45050
118632,2015-02-18,25.35520
118632,2015-02-16,25.14200
118632,2015-02-13,25.20940
118632,2015-02-12,24.93420
118632,2015-02-11,24.58860
118632,2015-02-10,24.38340
118632,2015-02-09,24.20590
118632,2015-02-06,24.55560
118632,2015-02-05,24.82150
118632,2015-02-04,24.92460
118632,2015-02-03,25.08320
118632,2015-02-02,25.11290
118632,2015-01-30,25.06240
118632,2015-01-29,25.38500
118632,2015-01-28,25.42100
118632,2015-01-27,25.33390
118632,2015-01-23,25.06770
118632,2015-01-22,24.88190
118632,2015-01-21,24.75990
118632,2015-01-20,24.69110
118632,2015-01-19,24.51310
118632,2015-01-16,24.31700
118632,2015-01-15,24.22220
118632,2015-01-14,23.76750
118632,2015-01-13,23.82830
118632,2015-01-12,23.85580
118632,2015-01-09,23.69190
118632,2015-01-08,23.55570
118632,2015-01-07,23.18880
118632,2015-01-06,23.29780
118632,2015-01-05,23.93060
118632,2015-01-02,23.86850
118632,2015-01-01,23.65280
118632,2014-12-31,23.60950
118632,2014-12-30,23.54980
118632,2014-12-29,23.45360
118632,2014-12-26,23.24890
118632,2014-12-24,23.15410
118632,2014-12-23,23.24790
118632,2014-12-22,23.36590
118632,2014-12-19,23.15360
118632,2014-12-18,23.01640
118632,2014-12-17,22.56130
118632,2014-12-16,22.67090
118632,2014-12-15,23.11250
118632,2014-12-12,23.25320
118632,2014-12-11,23.40960
118632,2014-12-10,23.53790
118632,2014-12-09,23.46370
118632,2014-12-08,23.77790
118632,2014-12-05,24.15360
118632,2014-12-04,24.32710
118632,2014-12-03,24.25330
118632,2014-12-02,23.99930
118632,2014-12-01,24.01410
118632,2014-11-28,23.99150
118632,2014-11-27,23.60100
118632,2014-11-26,23.51480
118632,2014-11-25,23.52330
118632,2014-11-24,23.68320
118632,2014-11-21,23.54580
118632,2014-11-20,23.34560
118632,2014-11-19,23.36730
118632,2014-11-18,23.49510
118632,2014-11-17,23.33640
118632,2014-11-14,23.19630
118632,2014-11-13,23.04670
118632,2014-11-12,23.11280
118632,2014-11-11,23.06310
118632,2014-11-10,22.86590
118632,2014-11-07,22.88060
118632,2014-11-05,22.79400
118632,2014-11-03,22.70170
118632,2014-10-31,22.75780
118632,2014-10-30,22.34700
118632,2014-10-29,22.13880
118632,2014-10-28,21.99600
118632,2014-10-27,21.86160
118632,2014-10-22,21.85510
118632,2014-10-21,21.59180
118632,2014-10-20,21.35300
118632,2014-10-17,21.01710
118632,2014-10-16,20.90380
118632,2014-10-14,21.24080
118632,2014-10-13,21.28170
118632,2014-10-10,21.12570
118632,2014-10-09,21.37120
118632,2014-10-08,20.98580
118632,2014-10-07,21.05010
118632,2014-10-01,21.28530
118632,2014-09-30,21.39250
118632,2014-09-29,21.35040
118632,2014-09-26,21.30350
118632,2014-09-25,21.03850
118632,2014-09-24,21.36590
118632,2014-09-23,21.51750
118632,2014-09-22,21.85680
118632,2014-09-19,21.82760
118632,2014-09-18,21.91470
118632,2014-09-17,21.48620
118632,2014-09-16,21.39630
118632,2014-09-15,21.88200
118632,2014-09-12,21.87690
118632,2014-09-11,21.85950
118632,2014-09-10,21.68060
118632,2014-09-09,21.80950
118632,2014-09-08,21.82690
118632,2014-09-05,21.53390
118632,2014-09-04,21.42610
118632,2014-09-03,21.49350
118632,2014-09-02,21.27690
118632,2014-09-01,21.19610
118632,2014-08-28,20.86330
118632,2014-08-27,20.80280
118632,2014-08-26,20.71400
118632,2014-08-25,20.77680
118632,2014-08-22,20.79440
118632,2014-08-21,20.65790
118632,2014-08-20,20.50590
118632,2014-08-19,20.52760
118632,2014-08-18,20.36650
118632,2014-08-14,20.07110
118632,2014-08-13,19.97970
118632,2014-08-12,19.93210
118632,2014-08-11,19.79470
118632,2014-08-08,19.67870
118632,2014-08-07,19.97770
118632,2014-08-06,20.03110
118632,2014-08-05,20.16730
118632,2014-08-04,20.01610
118632,2014-08-01,19.73280
118632,2014-07-31,19.92390
118632,2014-07-30,20.06200
118632,2014-07-28,20.09880
118632,2014-07-25,20.16150
118632,2014-07-24,20.34460
118632,2014-07-23,20.26310
118632,2014-07-22,20.18280
118632,2014-07-21,20.14560
118632,2014-07-18,20.12160
118632,2014-07-17,20.13000
118632,2014-07-16,20.05020
118632,2014-07-15,19.77040
118632,2014-07-14,19.42000
118632,2014-07-11,19.47870
118632,2014-07-10,19.78870
118632,2014-07-09,19.76430
118632,2014-07-08,20.02620
118632,2014-07-07,20.58360
118632,2014-07-04,20.54590
118632,2014-07-03,20.53020
118632,2014-07-02,20.44260
118632,2014-07-01,20.23540
118632,2014-06-30,20.11240
118632,2014-06-27,19.73920
118632,2014-06-26,19.59810
118632,2014-06-25,19.69210
118632,2014-06-24,19.66790
118632,2014-06-23,19.48280
118632,2014-06-20,19.40170
118632,2014-06-19,19.50070
118632,2014-06-18,19.64280
118632,2014-06-17,19.77230
118632,2014-06-16,19.50860
118632,2014-06-13,19.56010
118632,2014-06-12,19.80350
118632,2014-06-11,19.75830
118632,2014-06-10,19.78910
118632,2014-06-09,19.76500
118632,2014-06-06,19.54330
118632,2014-06-05,19.34890
118632,2014-06-04,19.06850
118632,2014-06-03,18.99560
118632,2014-06-02,18.88570
118632,2014-05-30,18.46980
118632,2014-05-29,18.59280
118632,2014-05-28,18.77590
118632,2014-05-27,18.66060
118632,2014-05-26,18.72170
118632,2014-05-23,18.79530
118632,2014-05-22,18.45620
118632,2014-05-21,18.28400
118632,2014-05-20,18.20960
118632,2014-05-19,18.07490
118632,2014-05-16,17.70030
118632,2014-05-15,17.29710
118632,2014-05-14,17.38580
118632,2014-05-13,17.36910
118632,2014-05-12,17.08110
118632,2014-05-09,16.77040
118632,2014-05-08,16.34630
118632,2014-05-07,16.30840
118632,2014-05-06,16.43140
118632,2014-05-05,16.40940
118632,2014-05-02,16.40550
118632,2014-04-30,16.44930
118632,2014-04-29,16.49490
118632,2014-04-28,16.64300
118632,2014-04-25,16.66030
118632,2014-04-23,16.75500
118632,2014-04-22,16.69010
118632,2014-04-21,16.65460
118632,2014-04-17,16.50790
118632,2014-04-16,16.28240
118632,2014-04-15,16.47930
118632,2014-04-11,16.56780
118632,2014-04-10,16.67910
118632,2014-04-09,16.63600
118632,2014-04-07,16.41940
118632,2014-04-04,16.42550
118632,2014-04-03,16.50410
118632,2014-04-02,16.57620
118632,2014-04-01,16.39980
118632,2014-03-31,16.43370
118632,2014-03-28,16.29500
118632,2014-03-27,16.10470
118632,2014-03-26,16.02090
118632,2014-03-25,16.01310
118632,2014-03-24,15.96370
118632,2014-03-21,15.80770
118632,2014-03-20,15.76310
118632,2014-03-19,15.88490
118632,2014-03-18,15.85600
118632,2014-03-14,15.73050
118632,2014-03-13,15.74140
118632,2014-03-12,15.77500
118632,2014-03-11,15.77970
118632,2014-03-10,15.83360
118632,2014-03-07,15.78930
118632,2014-03-06,15.62400
118632,2014-03-05,15.44930
118632,2014-03-04,15.32150
118632,2014-03-03,15.10800
118632,2014-02-28,15.23670
118632,2014-02-26,15.14230
118632,2014-02-25,15.05780
118632,2014-02-24,15.01740
118632,2014-02-21,14.92250
118632,2014-02-20,14.76350
118632,2014-02-19,14.81920
118632,2014-02-18,14.70530
118632,2014-02-17,14.56670
118632,2014-02-14,14.53210
118632,2014-02-13,14.45820
118632,2014-02-12,14.64090
118632,2014-02-11,14.56980
118632,2014-02-10,14.48750
118632,2014-02-07,14.52660
118632,2014-02-06,14.49060
118632,2014-02-05,14.48610
118632,2014-02-04,14.46500
118632,2014-02-03,14.45070
118632,2014-01-31,14.63180
118632,2014-01-30,14.45730
118632,2014-01-29,14.59580
118632,2014-01-28,14.53100
118632,2014-01-27,14.61530
118632,2014-01-24,14.93070
118632,2014-01-23,15.09940
118632,2014-01-22,15.11100
118632,2014-01-21,15.02910
118632,2014-01-20,15.00260
118632,2014-01-17,14.86130
118632,2014-01-16,15.03550
118632,2014-01-15,15.02190
118632,2014-01-14,14.89230
118632,2014-01-13,14.96950
118632,2014-01-10,14.76760
118632,2014-01-09,14.79280
118632,2014-01-08,14.83570
118632,2014-01-07,14.85600
118632,2014-01-06,14.92350
118632,2014-01-03,14.95410
118632,2014-01-02,14.92580
118632,2014-01-01,15.16410
118632,2013-12-31,15.16340
118632,2013-12-30,15.05800
118632,2013-12-27,15.13380
118632,2013-12-26,15.05690
118632,2013-12-24,15.05190
118632,2013-12-23,15.02360
118632,2013-12-20,14.98080
118632,2013-12-19,14.75250
118632,2013-12-18,14.79420
118632,2013-12-17,14.58780
118632,2013-12-16,14.53140
118632,2013-12-13,14.42930
118632,2013-12-12,14.61140
118632,2013-12-11,14.72000
118632,2013-12-10,14.77660
118632,2013-12-09,14.82920
118632,2013-12-06,14.60490
118632,2013-12-05,14.56510
118632,2013-12-04,14.40800
118632,2013-12-03,14.46900
118632,2013-12-02,14.44150
118632,2013-11-29,14.32770
118632,2013-11-28,14.14610
118632,2013-11-27,14.02410
118632,2013-11-26,14.06360
118632,2013-11-25,14.19290
118632,2013-11-22,13.95520
118632,2013-11-21,13.94150
118632,2013-11-20,14.18190
118632,2013-11-19,14.37780
118632,2013-11-18,14.32280
118632,2013-11-14,14.11960
118632,2013-11-13,13.92250
118632,2013-11-12,14.01910
118632,2013-11-11,14.09040
118632,2013-11-08,14.18200
118632,2013-11-07,14.28000
118632,2013-11-06,14.40020
118632,2013-11-05,14.43770
118632,2013-11-01,14.42730
118632,2013-10-31,14.34130
118632,2013-10-30,14.20560
118632,2013-10-29,14.11900
118632,2013-10-28,13.86240
118632,2013-10-25,13.95000
118632,2013-10-24,14.00330
118632,2013-10-23,14.05970
118632,2013-10-22,14.11500
118632,2013-10-21,14.11880
118632,2013-10-18,14.05240
118632,2013-10-17,13.78520
118632,2013-10-15,13.88540
118632,2013-10-14,13.93620
118632,2013-10-11,13.92150
118632,2013-10-10,13.73880
118632,2013-10-09,13.71750
118632,2013-10-08,13.61740
118632,2013-10-07,13.60970
118632,2013-10-04,13.55460
118632,2013-10-03,13.56080
118632,2013-10-01,13.27150
118632,2013-09-30,13.12860
118632,2013-09-27,13.29450
118632,2013-09-26,13.34340
118632,2013-09-25,13.35500
118632,2013-09-24,13.36380
118632,2013-09-23,13.40800
118632,2013-09-20,13.63660
118632,2013-09-19,13.81900
118632,2013-09-18,13.44280
118632,2013-09-17,13.34980
118632,2013-09-16,13.28760
118632,2013-09-13,13.36530
118632,2013-09-12,13.34580
118632,2013-09-11,13.45420
118632,2013-09-10,13.34710
118632,2013-09-06,12.98020
118632,2013-09-05,12.81330
118632,2013-09-04,12.56400
118632,2013-09-03,12.36690
118632,2013-09-02,12.79400
118632,2013-08-30,12.62140
118632,2013-08-29,12.48480
118632,2013-08-28,12.24430
118632,2013-08-27,12.29790
118632,2013-08-26,12.68060
118632,2013-08-23,12.57590
118632,2013-08-22,12.42400
118632,2013-08-21,12.21910
118632,2013-08-20,12.41370
118632,2013-08-19,12.43660
118632,2013-08-16,12.63490
118632,2013-08-14,13.08480
118632,2013-08-13,13.02390
118632,2013-08-12,12.85150
118632,2013-08-08,12.72140
118632,2013-08-07,12.48160
118632,2013-08-06,12.35880
118632,2013-08-05,12.71280
118632,2013-08-02,12.66170
118632,2013-08-01,12.76600
118632,2013-07-31,12.90140
118632,2013-07-30,12.74710
118632,2013-07-29,13.00330
118632,2013-07-26,13.07350
118632,2013-07-25,13.19140
118632,2013-07-24,13.26160
118632,2013-07-23,13.51370
118632,2013-07-22,13.43230
118632,2013-07-19,13.49100
118632,2013-07-18,13.52660
118632,2013-07-17,13.40570
118632,2013-07-16,13.48260
118632,2013-07-15,13.68130
118632,2013-07-12,13.60280
118632,2013-07-11,13.44250
118632,2013-07-10,13.25900
118632,2013-07-09,13.31680
118632,2013-07-08,13.23140
118632,2013-07-05,13.40090
118632,2013-07-04,13.37440
118632,2013-07-03,13.28080
118632,2013-07-02,13.52370
118632,2013-07-01,13.60860
118632,2013-06-28,13.44500
118632,2013-06-27,13.11370
118632,2013-06-26,12.94780
118632,2013-06-25,12.98390
118632,2013-06-24,12.97910
118632,2013-06-21,13.19330
118632,2013-06-20,13.14200
118632,2013-06-19,13.46890
118632,2013-06-18,13.43420
118632,2013-06-17,13.50240
118632,2013-06-14,13.45260
118632,2013-06-13,13.19900
118632,2013-06-12,13.34080
118632,2013-06-11,13.37950
118632,2013-06-10,13.63180
118632,2013-06-07,13.74360
118632,2013-06-06,13.86930
118632,2013-06-05,13.87960
118632,2013-06-04,13.85280
118632,2013-06-03,13.83930
118632,2013-05-31,13.91640
118632,2013-05-30,14.11080
118632,2013-05-29,14.15210
118632,2013-05-28,14.22410
118632,2013-05-27,14.14680
118632,2013-05-24,13.97410
118632,2013-05-23,13.92750
118632,2013-05-22,14.28040
118632,2013-05-21,14.39500
118632,2013-05-20,14.50750
118632,2013-05-17,14.65180
118632,2013-05-16,14.58770
118632,2013-05-15,14.52760
118632,2013-05-14,14.22310
118632,2013-05-13,14.14320
118632,2013-05-10,14.37310
118632,2013-05-09,14.28640
118632,2013-05-08,14.35180
118632,2013-05-07,14.38520
118632,2013-05-06,14.23560
118632,2013-05-03,14.11150
118632,2013-05-02,14.22900
118632,2013-04-30,14.10860
118632,2013-04-29,14.10840
118632,2013-04-26,14.05310
118632,2013-04-25,14.05930
118632,2013-04-23,13.98290
118632,2013-04-22,14.04310
118632,2013-04-18,13.91670
118632,2013-04-17,13.71070
118632,2013-04-16,13.70550
118632,2013-04-15,13.45360
118632,2013-04-12,13.36350
118632,2013-04-11,13.53160
118632,2013-04-10,13.45790
118632,2013-04-09,13.32660
118632,2013-04-08,13.45260
118632,2013-04-05,13.47820
118632,2013-04-04,13.41670
118632,2013-04-03,13.65490
118632,2013-04-02,13.81240
118632,2013-04-01,13.63240
118632,2013-03-28,13.57800
118632,2013-03-26,13.47720
118632,2013-03-25,13.40020
118632,2013-03-22,13.45630
118632,2013-03-21,13.49080
118632,2013-03-20,13.48660
118632,2013-03-19,13.71010
118632,2013-03-18,13.96880
118632,2013-03-15,14.05740
118632,2013-03-14,14.13210
118632,2013-03-13,13.95860
118632,2013-03-12,14.16460
118632,2013-03-11,14.22650
118632,2013-03-08,14.27330
118632,2013-03-07,14.13680
118632,2013-03-06,14.07790
118632,2013-03-05,13.98070
118632,2013-03-04,13.75770
118632,2013-03-01,13.82470
118632,2013-02-28,13.71740
118632,2013-02-27,13.98730
118632,2013-02-26,13.88730
118632,2013-02-25,14.08280
118632,2013-02-22,14.09850
118632,2013-02-21,14.06790
118632,2013-02-20,14.27820
118632,2013-02-19,14.29260
118632,2013-02-18,14.18430
118632,2013-02-15,14.13640
118632,2013-02-14,14.15410
118632,2013-02-13,14.36170
118632,2013-02-12,14.32980
118632,2013-02-11,14.29080
118632,2013-02-08,14.32120
118632,2013-02-07,14.40480
118632,2013-02-06,14.47750
118632,2013-02-05,14.43130
118632,2013-02-04,14.54790
118632,2013-02-01,14.56710
118632,2013-01-31,14.61790
118632,2013-01-30,14.65830
118632,2013-01-29,14.68100
118632,2013-01-28,14.77370
118632,2013-01-25,14.76050
118632,2013-01-24,14.62260
118632,2013-01-23,14.79860
118632,2013-01-22,14.85740
118632,2013-01-21,14.92850
118632,2013-01-18,14.86540
118632,2013-01-17,14.77030
118632,2013-01-16,14.68760
118632,2013-01-15,14.83150
118632,2013-01-14,14.78440
118632,2013-01-11,14.64210
118632,2013-01-10,14.67840
118632,2013-01-09,14.72490
118632,2013-01-08,14.71970
118632,2013-01-07,14.77180
118632,2013-01-04,14.80370
118632,2013-01-03,14.73050
118632,2013-01-02,14.69670
